-- phpMyAdmin SQL Dump
-- version 4.5.1
-- http://www.phpmyadmin.net
--
-- Host: 127.0.0.1
-- Generation Time: Jul 03, 2018 at 11:37 PM
-- Server version: 10.1.13-MariaDB
-- PHP Version: 5.6.23

SET SQL_MODE = "NO_AUTO_VALUE_ON_ZERO";
SET time_zone = "+00:00";


/*!40101 SET @OLD_CHARACTER_SET_CLIENT=@@CHARACTER_SET_CLIENT */;
/*!40101 SET @OLD_CHARACTER_SET_RESULTS=@@CHARACTER_SET_RESULTS */;
/*!40101 SET @OLD_COLLATION_CONNECTION=@@COLLATION_CONNECTION */;
/*!40101 SET NAMES utf8mb4 */;

--
-- Database: `votoelectronico`
--
DROP DATABASE `votoelectronico`;
CREATE DATABASE IF NOT EXISTS `votoelectronico` DEFAULT CHARACTER SET latin1 COLLATE latin1_swedish_ci;
USE `votoelectronico`;

-- --------------------------------------------------------

--
-- Table structure for table `alumnos`
--

CREATE TABLE `alumnos` (
  `id_alumno` int(11) NOT NULL,
  `ApelNom` varchar(60) CHARACTER SET utf8 COLLATE utf8_spanish_ci NOT NULL,
  `dni` decimal(8,0) NOT NULL,
  `sexo` char(1) CHARACTER SET latin1 COLLATE latin1_spanish_ci NOT NULL,
  `regular` tinyint(1) NOT NULL DEFAULT '1'
) ENGINE=InnoDB DEFAULT CHARSET=latin1;

--
-- Dumping data for table `alumnos`
--

INSERT INTO `alumnos` (`id_alumno`, `ApelNom`, `dni`, `sexo`, `regular`) VALUES
(288, 'ACEVEDO, CARLA TAMARA', '38978043', 'F', 1),
(289, 'ACEVEDO, ALDANA CATERINA', '40361152', 'F', 1),
(290, 'ACEVEDO, LEONEL EMANUEL', '39499967', 'M', 1),
(291, 'ACEVEDO, NATALIA VANESA', '28722466', 'F', 1),
(292, 'ACEVEDO, PRISCILA MARIA LUZ', '37828702', 'F', 1),
(293, 'ACOSTA, LORNA MAR?A', '38817935', 'F', 1),
(294, 'ACOSTA, MAGALI BIBIANA', '41633969', 'F', 1),
(295, 'AGUIRRE ACOSTA, ALEJANDRA CAROLINA', '39775404', 'F', 1),
(296, 'AGUIRRE, ALEXIS MATIAS', '39499941', 'M', 1),
(297, 'AGUIRRE, ANABELA AZUCENA', '40311483', 'F', 1),
(298, 'AGUIRRE, IVANA SOLEDAD', '40920541', 'F', 1),
(299, 'AGUIRRE, VIVIANA CELESTINA', '33022609', 'F', 1),
(300, 'AGUIRRE, YOANA ELISABET', '41848030', 'F', 1),
(301, 'ALARCON, DANISA PAOLA', '45341730', 'F', 1),
(302, 'ALARC?N, DIANA ESTEFANIA', '38134876', 'F', 1),
(303, 'ALARCON, FLORENCIA ANABELLA', '39856692', 'F', 1),
(304, 'ALARCON, NADIA PAOLA', '40647394', 'F', 1),
(305, 'ALARCON, SILVANA ALEJANDRA', '36809552', 'F', 1),
(306, 'ALARCON, VERONICA JOANA', '37398168', 'F', 1),
(307, 'ALEGRE, ALDANA MARICEL', '42558505', 'F', 1),
(308, 'ALMIR?N, MARIELA RAQUEL', '37561660', 'F', 1),
(309, 'ALTAMIRANO, CAROLINA', '40968061', 'F', 1),
(310, 'ALTAMIRANO, FATIMA LUDMILA', '38520473', 'F', 1),
(311, 'ALVAREZ, EMILCE VERONICA', '28722243', 'F', 1),
(312, 'AQUINO, MARIA DE LOS ANGELES', '41133430', 'F', 1),
(313, 'AQUINO, ROC?O BEL?N', '40361156', 'F', 1),
(314, 'AQUINO, TOBIAS GABRIEL', '39856696', 'M', 1),
(315, 'ARM?A, EMILCE LUCIANA', '41847975', 'F', 1),
(316, 'AVALOS, BRENDA NATAL?', '33105641', 'F', 1),
(317, 'AVALOS, ERICA ANDREA', '35130488', 'F', 1),
(318, 'AVALOS, LUCAS HERNAN', '36405852', 'M', 1),
(319, 'AYALA, LORENA SOLEDAD', '40360951', 'F', 1),
(320, 'BALMACEDA, ANTONELLA ELIZABETH', '41658157', 'F', 1),
(321, 'BALMACEDA, MARISA NOEMI', '28012962', 'F', 1),
(322, 'BARBOZA, CRISTELA ANABEL', '38818346', 'F', 1),
(323, 'BARIZ, MICAELA DAMARIS', '39661477', 'F', 1),
(324, 'BARRETO, MALVINA SOLEDAD', '28722311', 'F', 1),
(325, 'BARRIOS, CELESTE CATALINA', '37828889', 'F', 1),
(326, 'BARRIOS, YOANA MARIA', '38818033', 'F', 1),
(327, 'BASER, CAMILA JUDITH', '38288662', 'F', 1),
(328, 'BASER, MACARENA SOLEDAD', '40920511', 'F', 1),
(329, 'BENITEZ VILLAMAYOR, JAZM?N ARACELI', '42182053', 'F', 1),
(330, 'BERON, LIONEL EDUARDO', '37711609', 'M', 1),
(331, 'BERTRAN, AIL?N MILAGROS', '37828861', 'F', 1),
(332, 'BLANCO, PEDRO HERNAN', '41633925', 'M', 1),
(333, 'BLANCO, SANDRA FABIANA', '32703658', 'F', 1),
(334, 'BOGADO, YAMILA', '38817991', 'F', 1),
(335, 'BORDA, FIAMA BEATRIZ', '39949399', 'F', 1),
(336, 'BORDE, MACARENA LUZ', '44996059', 'F', 1),
(337, 'BORELLI, J?SICA ANTONELLA', '36735223', 'F', 1),
(338, 'BRAC, DAIANA JAZMIN', '39125848', 'F', 1),
(339, 'BRAZZART, TAMARA MALENA', '39499911', 'F', 1),
(340, 'BRITEZ, JOAQUIN ISAIAS', '37579841', 'M', 1),
(341, 'BROGGI, AYELEN EDITH', '33381998', 'F', 1),
(342, 'CABRAL, BRENDA MELISA', '39856993', 'F', 1),
(343, 'CABRAL, MARIANA CAROLA', '27389024', 'F', 1),
(344, 'CABRERA, CARINA EMILCE', '26994882', 'F', 1),
(345, 'CABRERA, JULIETA ARACELI', '39125851', 'F', 1),
(346, 'CACERES, FACUNDO GABRIEL', '39856770', 'M', 1),
(347, 'CACERES, MAT?AS EFRA?N', '38818193', 'M', 1),
(348, 'CAMACHO GONZ?LEZ, F?TIMA RAQUEL', '95639804', 'F', 1),
(349, 'CANARIO, CARINA SILVANA', '27186993', 'F', 1),
(350, 'CARDOZO, MARIA ELENA', '29369242', 'F', 1),
(351, 'CARDOZO, MARIA ELENA', '29369242', 'F', 1),
(352, 'CARDOZO, MARINA PAOLA', '36481153', 'F', 1),
(353, 'CARDOZO, VANESA MARISEL', '31795768', 'F', 1),
(354, 'CARRERA, ERICA CLARIBEL', '36895891', 'F', 1),
(355, 'CENTURION, NORMA ROC?O', '40920530', 'F', 1),
(356, 'CHARA, GUILLERMO LEONEL', '36809718', 'M', 1),
(357, 'CONTARDE, MARIANO GAST?N', '39856806', 'M', 1),
(358, 'CONTRERA, ARIANA ALDANA', '40312229', 'F', 1),
(359, 'CORTEZ, ARIANA CARLA', '40968047', 'F', 1),
(360, 'CORTEZ, MELANIE JEANETTE', '38380376', 'F', 1),
(361, 'COSTA, DANIELA JORGELINA', '37829007', 'F', 1),
(362, 'CUEVAS, JOS? ALEJANDRO DAVID', '39856608', 'M', 1),
(363, 'DE GREEF, ERICK', '37828798', 'M', 1),
(364, 'DEASIS, VANESA MABEL', '36405606', 'F', 1),
(365, 'DECKER, ADRIANA ANTONELA', '40905407', 'F', 1),
(366, 'DEL FABRO, ALEXIS ANAH?', '38376202', 'F', 1),
(367, 'DEL FABRO, ERICA FABIANA', '27880146', 'F', 1),
(368, 'DELFINO, WALTER RAMON', '39856658', 'M', 1),
(369, 'DELSSIN, LORENA ANAHI', '33614927', 'F', 1),
(370, 'DELT?N, CATERINA LISET', '41633937', 'F', 1),
(371, 'DELT?N, LEIDI GIULIANA', '40360847', 'F', 1),
(372, 'DELT?N, MAR?A FLORENCIA', '39367801', 'F', 1),
(373, 'DELT?N, MELISA ASUNCI?N', '38818196', 'F', 1),
(374, 'DIAZ, ROCIO ANABEL', '40548303', 'F', 1),
(375, 'D?EZ, OSCAR ALEJANDRO', '38818333', 'M', 1),
(376, 'DUARTE, ALEXIS RAM?N', '41288638', 'M', 1),
(377, 'DUARTE, CLOTILDE CLARA', '12923251', 'F', 1),
(378, 'DUARTE, CLOTILDE CLARA', '12923251', 'F', 1),
(379, 'DURANDO, LEONELA YANINA', '38971506', 'F', 1),
(380, 'ENCINAS, FLORENCIA BEL?N', '41732481', 'F', 1),
(381, 'ENRIQUE, ROCIO DANIELA', '36735296', 'F', 1),
(382, 'ESCALANTE, ZULEMA NELY', '36481175', 'F', 1),
(383, 'ESCOBAR, GISEL NOELIA', '36481152', 'F', 1),
(384, 'ESCOBAR, VALERIA SOLEDAD AIDA', '34814833', 'F', 1),
(385, 'ESMAY, AXEL EMANUEL', '41489927', 'M', 1),
(386, 'ESMAY, NAOM? NOEM?', '42609225', 'F', 1),
(387, 'ESQUIVEL, XOANA PAMELA', '33907449', 'F', 1),
(388, 'FALCON, DANISA MICAELA', '41633974', 'F', 1),
(389, 'FALCON, ELIANA MAGALI', '39245943', 'F', 1),
(390, 'FAULKNER, MELINA', '42558560', 'F', 1),
(391, 'FECK, JUDITH MAR?A', '29369253', 'F', 1),
(392, 'FERNANDEZ, GEORGINA BEL?N', '41658168', 'F', 1),
(393, 'FERNANDEZ, JOAQU?N EXEQUIEL', '41658185', 'M', 1),
(394, 'FERNANDEZ, MARIANELA NATIVIDAD', '40361086', 'F', 1),
(395, 'FERNANDEZ, MARICEL ELISABET', '38819822', 'F', 1),
(396, 'FERNANDEZ, MELINA ALEJANDRA', '39499582', 'F', 1),
(397, 'FERNANDEZ, MELINA ALEJANDRA', '39499582', 'F', 1),
(398, 'FIANT, YANINA LILIANA', '36405777', 'F', 1),
(399, 'FISCH, FACUNDO JOAQU?N', '39389150', 'M', 1),
(400, 'FLORES, ALDANA AYL?N', '39499989', 'F', 1),
(401, 'FLORES, LETICIA BEATRIZ', '41849079', 'F', 1),
(402, 'FLORES, LUCIANA RAQUEL', '39856781', 'F', 1),
(403, 'FORLIN, ABIGAIL LUCIANA', '37407167', 'F', 1),
(404, 'FORL?N, ELIANA ANABEL', '30707031', 'F', 1),
(405, 'FORLIN, ROMINA ROCIO', '36405632', 'F', 1),
(406, 'FRANCO, GISELA SOLEDAD', '35769087', 'F', 1),
(407, 'GALARZA, MONICA DEL CARMEN', '21988675', 'F', 1),
(408, 'GALARZA, PRISCILA MAGAL?', '37828943', 'F', 1),
(409, 'GALARZA, VANESA ELISA', '39856935', 'F', 1),
(410, 'GALARZA, YANINA MARILIN', '28722046', 'F', 1),
(411, 'GALEANO, NANCY ALEJANDRA', '35130376', 'F', 1),
(412, 'GALLARDO, AGUSTINA EMILIA', '41227226', 'F', 1),
(413, 'GAMARRA, MARISA DEL CARMEN', '31978465', 'F', 1),
(414, 'GAMARRA, MILAGROS MAYLEN', '40362970', 'F', 1),
(415, 'GAMARRA, SILVANA VERONICA', '32225109', 'F', 1),
(416, 'GAMARRA, Y?SICA DANIELA', '40360855', 'F', 1),
(417, 'GARCIA, ALEXIS SEBASTIAN', '37828843', 'M', 1),
(418, 'GAZZOLA, RODRIGO DAMI?N', '37828901', 'M', 1),
(419, 'GAZZOLA, SEBASTIAN ARIEL', '37828902', 'M', 1),
(420, 'GIMENEZ, JESICA DANIELA', '39959243', 'F', 1),
(421, 'GODEAS, ANTONELA ROMINA', '31386282', 'F', 1),
(422, 'GOMEZ, CAMILA AYELEN', '41658183', 'F', 1),
(423, 'GOMEZ, CAMILA AYELEN', '41658183', 'F', 1),
(424, 'GOMEZ, CAMILA YADIRA', '38818039', 'F', 1),
(425, 'G?MEZ, CLAUDIA ALEJANDRA', '33641297', 'F', 1),
(426, 'GOMEZ, GISELA ELIZABETH', '41603360', 'F', 1),
(427, 'GOMEZ, LISANDRA PAMELA', '41491033', 'F', 1),
(428, 'GOMEZ, VANESA ITAT?', '32490335', 'F', 1),
(429, 'GONZALEZ HULET, AGOSTINA DAIANA', '41866188', 'F', 1),
(430, 'GONZALEZ, SABINA CARLA', '33641348', 'F', 1),
(431, 'GONZALEZ, SUSANA ARACELI', '38978072', 'F', 1),
(432, 'GRILL FISCH, ELIANA EVELYN', '31007250', 'F', 1),
(433, 'GRILL, GABRIELA XIMENA', '37398142', 'F', 1),
(434, 'GRILL, LUCIANA JACKELINE', '38817969', 'F', 1),
(435, 'GROSSO, JULIETA MAR?A', '41406841', 'F', 1),
(436, 'HARDY, CARLA FLORENCIA', '40361080', 'F', 1),
(437, 'HARDY, NATALIA LORENA', '28012995', 'F', 1),
(438, 'INSAURRALDE, ARIANA AYEL?N', '40920514', 'F', 1),
(439, 'INSAURRALDE, GUSTAVO DANIEL', '40361229', 'M', 1),
(440, 'INSAURRALDE, LUZ DEL ROSARIO', '41360102', 'F', 1),
(441, 'INSAURRALDE, MICAELA AGUSTINA', '41288579', 'F', 1),
(442, 'INSAURRALDE, STELLA MARIS', '39856870', 'F', 1),
(443, 'JARA, CINTIA EVELIN', '33105516', 'F', 1),
(444, 'JASTRZEBSKI, STEFAN?A AYEL?N', '41633981', 'F', 1),
(445, 'KIENER, FACUNDO NAHUEL', '39499962', 'M', 1),
(446, 'LEDESMA, VIVIANA RAMONA', '36481144', 'F', 1),
(447, 'LEDESMA, YOANA SOLEDAD', '38376224', 'F', 1),
(448, 'LEGUIZA, KAREN AGOSTINA', '37828888', 'F', 1),
(449, 'LESCANO, MARCELA NOEM?', '30024109', 'F', 1),
(450, 'L?PEZ, ANAH? DEL CARMEN', '41849046', 'F', 1),
(451, 'LOPEZ, ESTELA MAR?A', '30707200', 'F', 1),
(452, 'LOPEZ, MARIL?N ANTONELA', '40920510', 'F', 1),
(453, 'L?PEZ, NANCY ELISABET', '28722495', 'F', 1),
(454, 'LOPEZ, VALERIA EVELIN', '41057352', 'F', 1),
(455, 'LOPEZ, ZUNILDA MARIANELA', '38978013', 'F', 1),
(456, 'LUGO, AYL?N MAR?A LUJ?N', '40361069', 'F', 1),
(457, 'LUQUE, ANAH? DAIANA', '36405796', 'F', 1),
(458, 'MAGNAGO, LIS EVELIN', '31458423', 'F', 1),
(459, 'MAIDANA ACEVEDO, MARCELO IVAN', '38818194', 'M', 1),
(460, 'MANDER, CRISTINA MARIA DANIELA', '27880118', 'F', 1),
(461, 'MARECO, CAREN ELIANA', '37829086', 'F', 1),
(462, 'MARTINEZ, CLARISA ANALIA', '40968034', 'F', 1),
(463, 'MARTINEZ, SEBASTIAN GONZALO', '33365651', 'M', 1),
(464, 'MASSARO, TATIANA EVELYN', '39856975', 'F', 1),
(465, 'MATTAR, MARIA LUZ', '39126040', 'F', 1),
(466, 'MEJ?AS, ANABEL MAR?A ITAT?', '32583223', 'F', 1),
(467, 'MELGAREJO, SERGIO DARIO', '27039961', 'M', 1),
(468, 'MENDOZA, ALDANA ITATI', '41849025', 'F', 1),
(469, 'MI?O, DAIANA AYEL?N', '38978073', 'F', 1),
(470, 'MOLINA, CECILIA BEL?N', '39856976', 'F', 1),
(471, 'MOLINA, ELIANA ANDREA', '35769332', 'F', 1),
(472, 'MOLINA, MARISABEL', '39125835', 'F', 1),
(473, 'MOREL, ELENA LORENA', '38376211', 'F', 1),
(474, 'MU?OS, MELINA', '39856734', 'F', 1),
(475, 'NAVARRO, ?RICA MAILEN', '36405898', 'F', 1),
(476, 'NU?EZ, RITA AYELEN', '39125938', 'F', 1),
(477, 'O CONNOR, DALMA ALEXA', '38978075', 'F', 1),
(478, 'OCAMPO, CRISTIAN ANDR?S', '35770233', 'M', 1),
(479, 'OJEDA, GUSTAVO ARIEL', '40968022', 'M', 1),
(480, 'OJEDA, SIBILA AYELEN', '41732441', 'F', 1),
(481, 'OJEDA, YAMILA AYLEN', '38818213', 'F', 1),
(482, 'ORZO, MAR?A JIMENA', '41633991', 'F', 1),
(483, 'OTAZO, MICAELA DAIANA', '41407306', 'F', 1),
(484, 'PADR?N, SILVINA ROC?O', '40361101', 'F', 1),
(485, 'PALACIO, MARIA FLORENCIA', '40311183', 'F', 1),
(486, 'PANIAGUA, JUAN ABEL', '39856730', 'M', 1),
(487, 'PARE, YENIT AYEL?N', '40968001', 'F', 1),
(488, 'PAREDES, GRACIELA', '38818262', 'F', 1),
(489, 'PAREDES, PAMELA TATIANA', '33105578', 'F', 1),
(490, 'PAVON, DAIANA ELISABET', '37711666', 'F', 1),
(491, 'PAVON, LUISINA NOEMI', '40361187', 'F', 1),
(492, 'PEDROZO, CINTIA ANTONELA', '33382070', 'F', 1),
(493, 'PEREYRA, IVANA DAMARIS', '42202980', 'F', 1),
(494, 'PEREYRA, TANIA LORELEY', '36405831', 'F', 1),
(495, 'PEREZ, CARLA MARISOL', '38818331', 'F', 1),
(496, 'P?REZ, GABRIELA MARIL?N', '41849092', 'F', 1),
(497, 'PEREZ, GISELA ERICA ELISABET', '36249681', 'F', 1),
(498, 'PEREZ, JULIANA BEATRIZ', '38376210', 'F', 1),
(499, 'PEREZ, MARCIA DANIELA', '42609683', 'F', 1),
(500, 'PEREZ, MARINA ELIZABETH', '42341986', 'F', 1),
(501, 'PEREZ, MAXIMILIANO', '37202168', 'M', 1),
(502, 'PERSOGLIA, JOHANA MAGALI', '32246914', 'F', 1),
(503, 'PERSOGLIA, JOHANA MAGALI', '32246914', 'F', 1),
(504, 'PITTAU, EZEQUIEL NICOL?S', '38288688', 'M', 1),
(505, 'PONCE, DEBORA GISELA', '32452398', 'F', 1),
(506, 'QUINTANA, ROMINA MICAELA', '41160656', 'F', 1),
(507, 'QUINTANA, TAMARA ROC?O', '41848055', 'F', 1),
(508, 'QUI?ONES, MAILEN MAMERTA', '41943251', 'F', 1),
(509, 'RAM?REZ, FLORENCIA BEATR?Z', '40360928', 'F', 1),
(510, 'RAMIREZ, MATIAS ALEXIS', '39856777', 'M', 1),
(511, 'RAMIREZ, SARA ELDA', '32259461', 'F', 1),
(512, 'RAMIREZ, SHIRLI EBELYN', '34176640', 'F', 1),
(513, 'RAMIREZ, VIVIANA NOEM?', '36405671', 'F', 1),
(514, 'RAMOS, WALTER RAUL', '31215071', 'M', 1),
(515, 'RINESI, MARIANELA MARIEL', '40361067', 'F', 1),
(516, 'RIOS, VANESA LUZ', '33928582', 'F', 1),
(517, 'RIOS, YANINA ROSA', '36249713', 'F', 1),
(518, 'ROBERTS, JOANA BEL?N', '37407014', 'F', 1),
(519, 'ROBLEDO, LOANA ABRIL', '42182277', 'F', 1),
(520, 'ROJAS, LUCIANA ANABELA', '38978045', 'F', 1),
(521, 'ROMERO, BRISA DAIANA', '40920588', 'F', 1),
(522, 'ROMERO, DENISE ABIGAIL', '40361264', 'F', 1),
(523, 'ROMERO, ENZO ARIEL', '40312205', 'M', 1),
(524, 'ROMERO, MALENA ROSARIO', '41603361', 'F', 1),
(525, 'ROMERO, MIRIAN YOLANDA', '31468644', 'F', 1),
(526, 'ROSA ULIANA, MARISA GRACIELA', '34749194', 'F', 1),
(527, 'SALINA, ANA MARIA', '42038717', 'F', 1),
(528, 'SALINA, BETIANA NOEMI', '35130348', 'F', 1),
(529, 'SALPIETRO, YAMIL WILFREDO', '37579868', 'M', 1),
(530, 'SANCHEZ, AGUSTINA DANIELA', '37855348', 'F', 1),
(531, 'SANCHEZ, DULCE MARIA', '36671090', 'F', 1),
(532, 'S?NCHEZ, EZEQUIEL ELIAS', '41288560', 'M', 1),
(533, 'SANCHEZ, MACARENA ELIZABET', '38817938', 'F', 1),
(534, 'SANCHEZ, MICAELA TAMARA', '39499566', 'F', 1),
(535, 'SANCHEZ, MILAGROS LORELEY', '38818382', 'F', 1),
(536, 'SANCHEZ, NOELIA ISABEL', '32225123', 'F', 1),
(537, 'SANDOVAL, CAREN DAIANA', '39245916', 'F', 1),
(538, 'SANDOVAL, CARLA ANDREA', '39856954', 'F', 1),
(539, 'SANDOVAL, CARLA ANDREA', '39856954', 'F', 1),
(540, 'SAUCEDO, AGUEDA ROCIO', '33022613', 'F', 1),
(541, 'SAUCEDO, GABRIEL OSVALDO', '37579949', 'M', 1),
(542, 'SEGOVIA, MALENA MARISOL', '40360999', 'F', 1),
(543, 'SNAIDER, MARIA SOL', '34469816', 'F', 1),
(544, 'SNAIDER, NADIA EVELYN', '28567522', 'F', 1),
(545, 'SORIA, KATHERINE MONICA', '41646334', 'F', 1),
(546, 'SOSA, ALEJANDRA PAOLA', '38818251', 'F', 1),
(547, 'SOSA, CLAUDIA BEATRIZ', '33105630', 'F', 1),
(548, 'STEKETEE, BIBIANA SOLEDAD', '35769086', 'F', 1),
(549, 'SUAREZ, AMER ARIEL', '41633902', 'M', 1),
(550, 'SUAREZ, JOSE ANTONIO', '39857931', 'M', 1),
(551, 'SUAREZ, SOLANGE AINAL?N', '41633948', 'F', 1),
(552, 'SUAREZ, ULISES NAHUEL', '39856948', 'M', 1),
(553, 'TOMADIN, ISABEL ALICIA', '25733209', 'F', 1),
(554, 'TOMADIN, LORENA LUISA', '40920584', 'F', 1),
(555, 'TORRES, LILIANA MAGALI', '42182017', 'F', 1),
(556, 'TORRES, LUCIANA EVELYN', '31468784', 'F', 1),
(557, 'VALLEJOS, BRIAN ENZO', '41160620', 'M', 1),
(558, 'VALLEJOS, CINTIA DAIANA', '40311475', 'F', 1),
(559, 'VALLEJOS, DAIANA MARICEL', '36405686', 'F', 1),
(560, 'VALLEJOS, LUCIANA BELEN', '39126068', 'F', 1),
(561, 'VALLEJOS, PRISCILA MARCELA', '41732478', 'F', 1),
(562, 'VALLEJOS, TAMARA NOEMI', '38288583', 'F', 1),
(563, 'VEGA, NICOLAS EMANUEL', '39245948', 'M', 1),
(564, 'VELASQUEZ, SOLEDAD IVANA', '35392231', 'F', 1),
(565, 'VELOZO, GUSTAVO RAM?N', '23757305', 'M', 1),
(566, 'VERA, MARCOS ANIBAL', '41603377', 'M', 1),
(567, 'VERA, YAMILA NOEM?', '40361024', 'F', 1),
(568, 'VERGARA, JANINA VANESA', '32259497', 'F', 1),
(569, 'VERNAZZA, BETIANA ELISABET', '32225021', 'F', 1),
(570, 'VER?N, MARIANELA CINTIA BEATRIZ', '36249743', 'F', 1),
(571, 'VER?N, SUSANA ALICIA', '24470388', 'F', 1),
(572, 'VILLALBA, ANA MAR?A', '34225970', 'F', 1),
(573, 'WALTTER, NATALIA ROXANA', '34469970', 'F', 1),
(574, 'WINKLER, JULIAN ANDRES', '41658139', 'M', 1),
(575, 'WINKLER, MAR?A EUGENIA', '39856923', 'F', 1),
(576, 'WIRTH, IV?N GAST?N', '42182031', 'M', 1),
(577, 'YEBARA, AIL?N BETANIA', '40920526', 'F', 1),
(578, 'ZARATE, GEORGINA ELIZABETH', '40360910', 'F', 1),
(579, 'Z?RATE, JOANA SOLEDAD', '39856813', 'F', 1),
(580, 'SEGOVIA, CINTIA MARIA BELEN', '36112394', '', 1);

-- --------------------------------------------------------

--
-- Table structure for table `eleccion`
--

CREATE TABLE `eleccion` (
  `idEleccion` tinyint(4) NOT NULL,
  `nombre` varchar(50) NOT NULL,
  `fecha` timestamp NOT NULL DEFAULT CURRENT_TIMESTAMP ON UPDATE CURRENT_TIMESTAMP
) ENGINE=InnoDB DEFAULT CHARSET=latin1;

-- --------------------------------------------------------

--
-- Table structure for table `listas`
--

CREATE TABLE `listas` (
  `id_lista` int(11) NOT NULL,
  `nombre` varchar(50) NOT NULL
) ENGINE=InnoDB DEFAULT CHARSET=latin1;

--
-- Dumping data for table `listas`
--

INSERT INTO `listas` (`id_lista`, `nombre`) VALUES
(0, 'Votos en Blanco'),
(1, 'Fuerte Esperanza'),
(2, 'Alianza Estudiantes');

-- --------------------------------------------------------

--
-- Table structure for table `qr`
--

CREATE TABLE `qr` (
  `idQR` int(11) NOT NULL,
  `QRcodigo` varchar(20) NOT NULL,
  `usado` tinyint(1) NOT NULL DEFAULT '0',
  `administrador` tinyint(4) NOT NULL
) ENGINE=InnoDB DEFAULT CHARSET=latin1;

--
-- Dumping data for table `qr`
--

INSERT INTO `qr` (`idQR`, `QRcodigo`, `usado`, `administrador`) VALUES
(396, 'Tips90SuXEoWJRAKg7p5', 1, 0),
(397, '0qPPvnZjhfyIrv1MTTEM', 1, 0),
(398, 'HXSuBw5CU4CX6pNs5xOY', 1, 0),
(399, 'UxHK1txxVqQgZHQ74S9R', 1, 0),
(400, 'K7bx3gA8KfbfCLNoWRgX', 1, 0),
(401, 'Vx2bap1IsQjDjOjCU7Gh', 0, 0),
(402, '8tHmhGD09PgF6T9kXueP', 1, 0),
(403, 'h5MsPpYglqbQX4kmCPZM', 0, 0),
(404, 'FVwud9R6fAdeJYZvo2U2', 1, 0),
(405, 'CahOFos9QtV6W8PZiKlv', 1, 0),
(406, '1ljMOMTp2edidvnO9mNV', 1, 0),
(407, 'w5EeEieQAS6NKOG1Lygt', 1, 0),
(408, 'Iwmy0r5DL1bmdQ0775bL', 1, 0),
(409, 'Bs8eT8862D8kZ6VB4BSc', 1, 0),
(410, 'Nn73TcL6igS0by0o5AAJ', 1, 0),
(411, 'dRCDSDsTS4zYa2qiTZaw', 1, 0),
(412, 'pb1TN2fKt0QSiB3NoG85', 1, 0),
(413, '41kcTQTSCn0mn69mNqeh', 1, 0),
(414, 'YJOWt90Re9eaqSGJ4xDw', 1, 0),
(415, '729ht6K22U1M2XWx9HaC', 1, 0),
(416, 'xXo2UomUQqkuPTZsOVco', 1, 0),
(417, '2ZY7T4qcFZK8Y4wZnuTi', 1, 0),
(418, 'Ch9QYnaiKtZygSk0T7zG', 1, 0),
(419, 'rUemttOEMkfMZZUflypz', 1, 0),
(420, 'z2eOFkfGgpDTQEA2jHsA', 1, 0),
(421, 'PN2BchGit9VOjWnzic5J', 1, 0),
(422, 'wGVMGJdJAF0WiCLfacGE', 1, 0),
(423, 'DicdWFTZQauYkDo6jeMm', 1, 0),
(424, 'geRG6aH85U49iddMbXHP', 1, 0),
(425, 'nfOxZHOv2537AdruUlsf', 1, 0),
(426, 'tl9K8HoeKyJFT8JYC9UG', 0, 0),
(427, 'rfvE2KkQTKEyB1oMv6Rx', 1, 0),
(428, 'jAaWyY9NxmnVlsjWpZLc', 0, 0),
(429, '3tXXpQPYu7VMh5tZjs7E', 1, 0),
(430, 'FfmrpEnYp9SMXuEU8P2B', 1, 0),
(431, 'AHb4OpahMYR2jHoMpbpL', 1, 0),
(432, 'IoEK0Fw2S9Ge3NbvP8Ov', 1, 0),
(433, 'DjaEbSRFKtSf34mauG4C', 1, 0),
(434, 'sshrxLzBB7WKDAwHzdDW', 1, 0),
(435, 'mZ8VOwT3sFWAaoqD9qEO', 1, 0),
(436, 'QctiFjOV1MC7FWRQAkuU', 1, 0),
(437, '3drgOUs7XrOcbq8TAn5m', 1, 0),
(438, 'pCCK3xlh8m38s7n9wFLI', 1, 0),
(439, 'Nk7yr2qeeYZIap9biC7F', 1, 0),
(440, 'Hk42koNlNqkA8OXaGshR', 0, 0),
(441, 'LnrEfewsamNCNMP1BC26', 0, 0),
(442, 'U1Vlv5o197tHVk5MoL9p', 0, 0),
(443, 'U4v91f5jaxZdKOIJTK04', 1, 0),
(444, 'KLxgLcce4yPV0aRqUPYH', 1, 0),
(445, 'qjjuJmrfCqm6TEEsqbuU', 1, 0),
(446, 'OSyTtuqtSA7NRKCY0WkE', 0, 0),
(447, 'zP7wa9RyyOfWlwjjv6mN', 1, 0),
(448, 'k29CNNUnvNGAplgW5rQO', 1, 0),
(449, 'F86T6US4klJozbgnhXc0', 1, 0),
(450, 'xagLFJFdVbRffO9C7iRN', 0, 0),
(451, '8Dctw3xcgDY5a4YUXpRn', 0, 0),
(452, 'Skv15L5STAfE3tQ61uL6', 0, 0),
(453, 'WTD7lKPtvG4iL2Pg3s8r', 1, 0),
(454, 'UEkj6DVO3evck7QF4VO6', 1, 0),
(455, 'Tkg5dl0sKDCN5oWtOoIl', 0, 0),
(456, 'Pg5FEuLX7yv7Y1lYIEZO', 1, 0),
(457, 'MpYWvrFPFnT1NZNvUB67', 1, 0),
(458, 'DmYHaXgQ8Bd4QT4e51Bf', 0, 0),
(459, 'du13KgYVWbqUC9UNijXa', 0, 0),
(460, 'DEXi3M88Foi1WrI1qfbN', 1, 0),
(461, 'ib6KRSFPtDWht7vSNTzX', 1, 0),
(462, 'xOkIGLJ6IfLHQWw8XEp9', 1, 0),
(463, 'K8Tsg6Le00SFY1p97Tld', 1, 0),
(464, 'WNoEhPAyoeQCFMhIY3SJ', 1, 0),
(465, 'FO70o2CSQnlouENXS2DK', 1, 0),
(466, 'EJN6ycpNMUoGSXtCapJ6', 1, 0),
(467, 'RAjZuFbMOGHQ2IyyWSQB', 1, 0),
(468, '9JzrhCKzT3VY6pYJtLSc', 0, 0),
(469, '2mK5Fu7VOb5zDEHZi2zT', 1, 0),
(470, 'QXDyqhyMPKkpy3aVv7rX', 1, 0),
(471, 'Ilu1PFlJsUgrC93H236n', 1, 0),
(472, 'Tkpng38v6lONocTbHIFv', 0, 0),
(473, '5Kt40y3l9nWBREJPGPru', 0, 0),
(474, 'KD9XMKdvi8ZC2oGilbS6', 0, 0),
(475, '0MrBhMHe0ZDaE36uKFnr', 1, 0),
(476, '8gS2iwFfXK5m9Soeftzb', 1, 0),
(477, 'krKi4PELsR48dwA7GSGS', 1, 0),
(478, 'y57duLl8wGSLBTmqUsh6', 1, 0),
(479, 'CHsUNANF8yJyZr0QWlHt', 1, 0),
(480, '6cHns6LEvSDtcu1X16oy', 1, 0),
(481, 'CnSAenBxnknhSCY5KJBx', 0, 0),
(482, 'OtPd8iIopCvgcrwrHpt3', 0, 0),
(483, 'FETNsnEOst86oHgwL4oK', 1, 0),
(484, 'HfFLzzsDheGzr9VQNbit', 0, 0),
(485, 'YQCOTY5BOQYxt7bk3MOs', 1, 0),
(486, 'GjD0R8WXo9txauCbaiEo', 1, 0),
(487, 'WB2CyuusUDoLmV0DmhI0', 1, 0),
(488, 'laPGkX56FiTFDMMXpq22', 1, 0),
(489, 'rOFUuDAfkoq4U5m4dfDM', 1, 0),
(490, 'eL4hRtzu10NpeZPnvM74', 1, 0),
(491, '9g2kzToPKfno8CLArDvx', 0, 0),
(492, 'JgvDvdhqgSohTCnx7MVk', 1, 0),
(493, '4HgixhIGu0rMrWaxkFC6', 1, 0),
(494, 'RUjpKGfh5XPavHiKuMh4', 1, 0),
(495, 'Tf77k1XbeHLsxteP6TQC', 1, 0),
(496, 'bWstJO3rVd6X61YYQKhj', 1, 0),
(497, 'l57tuyZfSCQ34k373ECq', 1, 0),
(498, 'cXsuvN7RGEJmjgzupu12', 1, 0),
(499, 'sKwziXS11Ot4SnijzKml', 1, 0),
(500, 'Y0eDvbh3wfPMieFS5OrE', 0, 0),
(501, 'tUd23lvGURQbvaIRpbjo', 1, 0),
(502, '7JAPO1enoFdtPVu8gUDa', 0, 0),
(503, 'mcXkTPIT2Hy3X1YHlOvF', 1, 0),
(504, 'vXPab2kjpECoPkwYFYMY', 1, 0),
(505, '0J9xmDqjtux212YimzIy', 1, 0),
(506, 'Zn8UjUfSYNA8yVEGw3OC', 0, 0),
(507, 'JugKXRCKmyJpyKk8mBAZ', 1, 0),
(508, '1imWwBJHJDbdLehj1swx', 1, 0),
(509, 'Hi8R4CZ9OOeFVnYOVowh', 1, 0),
(510, 'HFsbKIgXqT4v9ZLmY6mx', 1, 0),
(511, 'FZgiDppsy2VbKOPJUG9k', 1, 0),
(512, 'x59yZ4YG2HYogRRzfjQQ', 1, 0),
(513, 'oh8ql0fTwzK4agDeQ7V7', 1, 0),
(514, 'Wu11rsTVMMLrqvlVCuIw', 1, 0),
(515, 'qNUl5jcAxOaeRBlsZ51w', 1, 0),
(516, '8xJGy8PiTw37fWfjjt4x', 1, 0),
(517, 'b9m7DoP0PrfdmDVQvzw8', 1, 0),
(518, 'vNQmk3KhdHrukYLO04MP', 1, 0),
(519, 'Eu9NgMwSm29rZVh5y36z', 1, 0),
(520, 'aAA64fAs81YffK8S0sk3', 1, 0),
(521, '0Jw5SUeER9T6hHGCRR71', 1, 0),
(522, 'yArjwzIdoNwdS1Rkio4J', 1, 0),
(523, '87ujTLF5yCybTlaMcJV0', 1, 0),
(524, '8Hnt85P6oYBeCmspHE5I', 1, 0),
(525, 'URmz8z4kdQUbziPswxUo', 1, 0),
(526, 'k1RWu5hzaU6qkyblbOGR', 1, 0),
(527, 'hTV8MnGYh1WuhIhbCqu1', 1, 0),
(528, 'thyBPYCk7CxWjhSvJs1K', 1, 0),
(529, 'RPq300GzCn8XquztW9Wq', 1, 0),
(530, 'jygygFQqNDlJnYfEMvkH', 0, 0),
(531, 'bxzRlJ3f4ICbNvw9Fagd', 0, 0),
(532, 'z26IMXTgERfXFyXWDtxi', 1, 0),
(533, 'SSnLxaHVNaqoSaRYpEKh', 1, 0),
(534, 'iJw22jeTilobqy8mApU8', 1, 0),
(535, 'PX8B4gccvFNBPnNDUxJF', 1, 0),
(536, 'clNJzKH4Ne6prXwVO0jj', 1, 0),
(537, 'FjTxUfgk8P5SA5WxguPV', 1, 0),
(538, 'uG1nmvWexriIsdBdGmEG', 1, 0),
(539, 'U0vGcb6PqqeVMSQipZOt', 1, 0),
(540, '7ijNGQKdaJXGn42a5mHf', 1, 0),
(541, 'kpafH24sBbhGh5OQAqW7', 1, 0),
(542, 'ykzQf4QqiTa2Jry9iCY4', 1, 0),
(543, 'sfzG8vzKCJyCjQqo9JRP', 1, 0),
(544, '86eLl6QhT7ezHxsI5PIo', 1, 0),
(545, '6KeSdqROUacinKfhz5Uh', 1, 0),
(546, 'QyVVczkmFkEGNPlREznS', 1, 0),
(547, '6W12mWYbTt2RceC7XzwF', 0, 0),
(548, 'kD1GnCAQpgrgPkt05vIY', 1, 0),
(549, 'GXwtfexMXjEikd72sRkd', 1, 0),
(550, 'I7ksjZVOeccGx06T3RNY', 1, 0),
(551, 'AWP2i2Nt7eIyBxobp5sJ', 0, 0),
(552, 'N5nvX1CXpBafMQ9PgsWL', 1, 0),
(553, 'LsX1W2hkvH7HozxPJT1U', 1, 0),
(554, '3VuPqd0FzPxojsiJDFY9', 1, 0),
(555, 'j2OxqDlslrlQv1N20ML0', 1, 0),
(556, 'ktXwqcrXBOcMuVi4N3c7', 1, 0),
(557, 'YINgYDTz6wJrGBk2gIe9', 1, 0),
(558, 'NF7Acrqo369jVhPQ8u9j', 1, 0),
(559, 'OsBAvhLBZOMDXH4VISIF', 0, 0),
(560, 'kdjwcSfdX0J3gFjxkVH8', 1, 0),
(561, 'oerDnU08eJ3AWPA5f77O', 1, 0),
(562, 'N27q3lBmgBYLXYOHEKWS', 1, 0),
(563, 'mV1MkxrqD3ab7fiw4n7Y', 1, 0),
(564, 'lPnuZCaXDIU8ca8asd9e', 1, 0),
(565, 'X8VOXkPRLbUwJ6Q01foM', 1, 0),
(566, 'pBRiPFvkhrmZU82AwdTq', 1, 0),
(567, 'NCq8D7d3ZazGAxSG5Fr4', 1, 0),
(568, 'n4E71zzohge7c5xmEhfc', 1, 0),
(569, '0eBXxp7jAfRZi3xKUVDN', 1, 0),
(570, 'uC0vXcuQPb09IFFmrh73', 1, 0),
(571, 'HUJG9nOZNMKsAJwSp84B', 1, 0),
(572, '2SlSgsjBoK2vamLfi9FJ', 1, 0),
(573, 'IjGxCSbnAjrDn70TXBom', 1, 0),
(574, '7pY0fBmsmwjSeb2P8Obn', 1, 0),
(575, 'RCc17IJFhPrPN8sCURjv', 0, 0),
(576, '3dHHqeN3CguPuoekEOMM', 1, 0),
(577, '2anm9eIEewJASd5x5ujT', 1, 0),
(578, 'dxBbxD30Fbbap8u0ObNX', 1, 0),
(579, 'ggCu53MV2D9S77ksrNUa', 1, 0),
(580, 'vOnE96CIjrkTB8KnViSX', 0, 0),
(581, 'ZcYaAah0rHKbjotMZxXm', 0, 0),
(582, 'MLG7gxprbXXIUuVibZOW', 0, 0),
(583, 'wHwUsPzAxVBqyxv6pMog', 0, 0),
(584, 'I8qil2YA9bi6mCWq2ySy', 0, 0),
(585, 'ipRmmuz4K7s8fglQsdnH', 0, 0),
(586, 'b8DMyOBUxRIdE5jZbyZm', 0, 0),
(587, 'GVD8x69NB4OrnjpiPqkN', 0, 0),
(588, 'KzphZCNBx22vqjfzJqfR', 0, 0),
(589, 'f5sVtnckuevfyzAVA66c', 0, 0),
(590, 'IayboVkKUfzreskrG7r2', 1, 0),
(591, 'l6mizx6lZAwSwp8pLtNU', 0, 0),
(592, 'fn2OgAAz8tyGYwJlTehk', 0, 0),
(593, '56tGInuwXmEFv51A6fUc', 0, 0),
(594, 'fm9H4Kyl2eecl3rWEODi', 1, 0),
(595, 'a61PBtZAx32ew0YPQ4x8', 0, 0),
(596, 'o7LIDEtzIVVn4Or0TutK', 0, 0),
(597, 'Xd6ZvyGY8eBEslooPo0T', 1, 0),
(598, '6HQy70s7TM9lGPcwQuiZ', 1, 0),
(599, 'VGAcjthOEFkcx8o5kkfg', 1, 0),
(600, 'wTGBd3u9uCifF9Up36Cv', 0, 0),
(601, 'Y4qf5V4KIB0jtRiY7DeN', 1, 0),
(602, 'VR39yFeAmkteW4LvjRdb', 1, 0),
(603, 'H8nrxDr9ZMGGv2iMhKIo', 0, 0),
(604, 'fLF9gALkzWZetgItqj2a', 0, 0),
(605, '73W7Eqlkijis5pq2sqXb', 0, 0),
(606, 'EXOpxvmU5UHpvO7Dau7S', 1, 0),
(607, 'xOOAmHqJnCGvBjua3VrV', 1, 0),
(608, '68m1YcPrsWik2wcDKs7n', 0, 0),
(609, 'jFeiNEVWUteb7yzo5u16', 1, 0),
(610, 'rd1nhtRFU8RZl0DJMlZ5', 1, 0),
(611, 'X4wdXaI83NyZ9nRpgBe7', 1, 0),
(612, 'mJkiJCaPizcPwBvBe6la', 0, 0),
(613, 'XCagl01rUlOvZx5KhSre', 1, 0),
(614, '0LWPGYby4oDU6SlKMMno', 0, 0),
(615, 'DvZGaUAWIQbHsM3tAmhB', 0, 0),
(616, '2Pw7JKVPt2zAnqsqI9BM', 1, 0),
(617, 'nVvC0x3DiJAGmlWxi2Rr', 1, 0),
(618, 'ygK1CQmWtnq5iPLYopKu', 1, 0),
(619, 'kjxWRKrAR5bgL93jsuoV', 1, 0),
(620, 'WkMUKZ2ABP8xCQDcB7Pi', 1, 0),
(621, '0ubAjFbnaqTUoDEWe24e', 1, 0),
(622, '4EIRckX3fxHLbciEDq07', 0, 0),
(623, '10pvXhUDVERQI8W9nUsI', 1, 0),
(624, 'LLjIxbi6FPJJOYQc5aqw', 1, 0),
(625, '9lhLSyixOySX4YXOxQOE', 0, 0),
(626, 'm3BhcWo2yFY02uCzmCIA', 0, 0),
(627, '7wVEqV3iyDFoyaeGzzmF', 0, 0),
(628, 'BAkn3WjEwsl0ehLDKxgL', 1, 0),
(629, 'ZCRhfVBjH7otjVh2knnm', 1, 0),
(630, 'tZmmNaZCyFQ3KqXRxmPa', 1, 0),
(631, 'kgLLoxDA1Pflsdj6emgb', 0, 0),
(632, 'McC8dffWS2pymgT70aMk', 0, 0),
(633, '4SnAUNCjdMzGTIXo4ph7', 0, 0),
(634, 'lwlRtdJuhH9lDMGgNqa4', 0, 0),
(635, 'hyY2o8YAxd8WDTxBAv3D', 1, 0),
(636, 'xd5VKAFPLJSd3qseqlYg', 1, 0),
(637, 'h5KiNtdANcWnKxOr0jD8', 1, 0),
(638, 'sDzEHvKm7aZG4jfXV9T7', 1, 0),
(639, 'yGLShleqV5kqEV4WMGEd', 1, 0),
(640, 'BPvVgZtfp1a7FXrTWVep', 0, 0),
(641, 'lHcyb2Tpe9NIYRlWkOIV', 1, 0),
(642, 'hoAnFT6y3fDAzlFWEwYs', 1, 0),
(643, 'Zt6KLCADbMy1rTAy5901', 1, 0),
(644, 'OXhO2OVnfCVDcx22MarK', 1, 0),
(645, 'yU8VQunwIOo2FyXLjhU9', 0, 0),
(646, 'cgsqDOxud2JpJZtA8SLF', 0, 0),
(647, '9nYubbfi0swrIyLu5oyX', 1, 0),
(648, 'ZRpbyYjOPORaOv8gs1Sw', 1, 0),
(649, 'oazsximZGTBTFEcQn9UH', 0, 0),
(650, 'mlz3B9ePbEnauVF0Vm6Z', 1, 0),
(651, 't6TfC4oyYszw16tuaW2Z', 0, 0),
(652, 'Pd36Xjn2fRJltC7NR6oG', 0, 0),
(653, 'mrhhULLf8ykzoomTbeDy', 1, 0),
(654, '3ENArsgoecWCj3djGOMg', 1, 0),
(655, 'wELksUM2ozC0u9RwCVWG', 1, 0),
(656, 'kRi4wl7wLnDbCrHmYLxi', 1, 0),
(657, 'WinFkk1mrRzMF18ycHmB', 1, 0),
(658, 'u4SujlsWEZ0cPwB5R6S4', 1, 0),
(659, 'A2sG0U6OnPsRPGfsVBHP', 1, 0),
(660, 'b8rVj727MAlnMPAnMgOg', 0, 0),
(661, 'YvmPkmjQJVCWzT3KJEaj', 0, 0),
(662, 'gQtUyA5lF4S1lmboHcw4', 0, 0),
(663, 'cEzRrKgBiTbS06L8rW8B', 0, 0),
(664, 'WgzVDLP1yhQtrrJrXkV0', 0, 0),
(665, 'T8qf49plecbsRNCIMB0f', 0, 0),
(666, 'i4lTmWehpNSsFtMitWdh', 0, 0),
(667, '3nScmJaejJRyPZA9QCKc', 0, 0),
(668, '34wwMHLga7g3tpEtpyUf', 0, 0),
(669, '77D0msXgswmKYfKXnqlG', 0, 0),
(670, 'v8X02e0jA6SeBxTmNBcK', 0, 0),
(671, 'NzR1Jebq8l3IFY4jvhpy', 0, 0),
(672, 'YLslvN0kbm2ZbXgyEOja', 0, 0),
(673, 'qlECeeY6V8IqLps9t0JQ', 0, 0),
(674, 'Hnh8yqrHyezLnAQ9nVZK', 0, 0),
(675, 'kfEpggdOIhkBife1h3SC', 0, 0),
(676, 'uQmfpvoEFwqGHuOScunw', 1, 0),
(677, 'NzMSB73M50EN6KEHXdHZ', 1, 0),
(678, 'fFBoPfwuHRngem46wwAZ', 1, 0),
(679, 'u4vltxNjKKM2Enru4PNY', 1, 0),
(680, '178c94QpjRDYbmLgEanl', 0, 0),
(681, 'nwuZc6aqayU2O3THR04C', 0, 0),
(682, 'bzYFpDpYC2RAoa0BeAwv', 0, 0),
(683, '4wKXqTvLVZIwAhZqcQvY', 0, 0),
(684, '808LcPil2hDJWH9FW2GW', 0, 0),
(685, 'kbjesISwURXD9QVmmiEM', 0, 0),
(686, 'pZiBt1hhUDPKcrYtFzJ4', 0, 0),
(687, '1IRLX62Nt4VcOfnrqzVq', 0, 0),
(688, 'VXL0p0YrjNaessxerE6y', 0, 0),
(689, 'XYAi8EwFAIIhR5g0lK2z', 0, 0),
(690, 'gR0gAcKBwByBuLFneax1', 0, 0),
(691, 'hkifBwJ6k6mKU4198qEK', 0, 0),
(692, 'Ea2bl6yG0tVdyHXgzHJK', 0, 0),
(693, '578md4VKlZLSyzMUJ4LV', 0, 0),
(694, 'TlQJKSyfTMYBYfJX3O26', 0, 0),
(695, 'lpv2BiLaHhicVw2Pjl3I', 0, 0),
(696, 'B1FyHvn8WtBIqTzWXzvT', 1, 0),
(697, 'dtZSXfQg7DBZB8cPiVmN', 1, 0),
(698, 'Hscuz3bfVPNZVAsYYBdx', 1, 0),
(699, 'WNmyRjD26rQdNbpuZ67s', 1, 0),
(700, 'oIvPySKGqrEFti42LRs2', 0, 0),
(701, '7E8YV1RjB5H3ih6Hes29', 0, 0),
(702, '4aQdYUBP0lJHExCVAtYm', 0, 0),
(703, '5XxxMmCMBTMFPv5rliA2', 0, 0),
(704, 'rOAnWeMHpbEhpL56in4T', 0, 0),
(705, '3IR9j7hzzGPF7DFmJyNC', 0, 0),
(706, '7viS3yemoeqCSARl2m0K', 0, 0),
(707, '7lpIxWNgT9gcaMGHh3Mw', 0, 0),
(708, 'GeruR7112Nj3lbgPiBNG', 0, 0),
(709, 'WLw6OzRGmXRSUPMIkGBh', 0, 0),
(710, 'gFDMcfaGAkp9lNoLe3I2', 0, 0),
(711, 'yq5pdhb46tjjxglv17Qz', 0, 0),
(712, 'SN7EEtyR5lglcxA7S3b2', 0, 0),
(713, 'FuzeITcCcscm1xilDeXo', 0, 0),
(714, 'a2tUIkf1yY4iWaLdQhw8', 0, 0),
(715, 'uDB1b6OZDZQ8x9baS907', 0, 0),
(716, '4YfANlp49mRIgtAKxG4j', 1, 0),
(717, 'wOcfAULn7JSaCrgOQGWq', 0, 0),
(718, '5ZGN4ursU0Tsn5rs3vUL', 0, 0),
(719, 'knWYv4JtmpCTMTg53s7B', 0, 0),
(720, 'xpOIXKcaMamWAgr1ieKf', 0, 0),
(721, 'AnacqiAT3miJKl22Bdg1', 0, 0),
(722, 'syo18XFN5MqUdVfSKC8q', 0, 0),
(723, '1lqrDNwbnsVPXtFJEQbf', 0, 0),
(724, 'aTfNjZwy1GFytzwxCYDb', 0, 0),
(725, 'rDniWPKqQfIxq04942ES', 0, 0),
(726, 'uBqEFebMOrxw4sOzMkxo', 0, 0),
(727, 'UrFnBM4cNa40MkTQfTGS', 0, 0),
(728, '7gWJGVl9Kcl0lRgExJi0', 0, 0),
(729, 'UPcnCwnBPQ4dvbZ26Wxt', 0, 0),
(730, 'wmft4iiWJZzcUrRQsip3', 0, 0),
(731, 'uuS8GaxWldSR2ApjAF45', 0, 0),
(732, 'llEluO3KHuoErQyK1Rj9', 0, 0),
(733, 'tOUe5MpX4u2LkCT2Wt6f', 0, 0),
(734, 'u46L4DkxGonFNkZxuMnS', 0, 0),
(735, 'nUFGyIFfkXNQtl8QBBt8', 0, 0),
(736, 'RqME3pUHJErygu2HHq3J', 1, 0),
(737, 'GeoeUPJVkIZXdyZNN1Aq', 1, 0),
(738, 'lW2pVEfB6OnGznHm2mgT', 0, 0),
(739, 'X7kwa3dsXV4MaZyvnQHc', 1, 0),
(740, 'jO63CnQAL4IHlK6xTulZ', 0, 0),
(741, 'eB2EJH1uGxvkdPzYhYLh', 0, 0),
(742, 'afzJDtizCdbw17DVHXiu', 0, 0),
(743, 'rntalOPJER4xbZwiIVLP', 0, 0),
(744, 'oyMPdviICKra5KsIEuzW', 0, 0),
(745, 'Xbfd5Fh5AobNmRe0KzuO', 0, 0);

-- --------------------------------------------------------

--
-- Table structure for table `votos`
--

CREATE TABLE `votos` (
  `id_voto` int(11) NOT NULL,
  `id_lista` int(11) NOT NULL,
  `idQR` int(11) NOT NULL
) ENGINE=InnoDB DEFAULT CHARSET=latin1;

--
-- Dumping data for table `votos`
--

INSERT INTO `votos` (`id_voto`, `id_lista`, `idQR`) VALUES
(1, 1, 486),
(2, 2, 480),
(3, 2, 436),
(4, 2, 490),
(5, 2, 439),
(6, 2, 520),
(7, 2, 489),
(8, 1, 485),
(9, 1, 485),
(10, 2, 487),
(11, 1, 488),
(12, 1, 716),
(13, 1, 548),
(14, 1, 479),
(15, 2, 678),
(16, 1, 550),
(17, 1, 552),
(18, 2, 443),
(19, 2, 495),
(20, 2, 553),
(21, 2, 549),
(22, 2, 564),
(23, 2, 558),
(24, 0, 558),
(25, 0, 561),
(26, 1, 563),
(27, 2, 562),
(28, 2, 557),
(29, 0, 466),
(30, 2, 639),
(31, 1, 617),
(32, 0, 619),
(33, 2, 476),
(34, 1, 477),
(35, 2, 572),
(36, 0, 483),
(37, 2, 573),
(38, 1, 438),
(39, 1, 460),
(40, 2, 545),
(41, 2, 509),
(42, 2, 511),
(43, 2, 510),
(44, 1, 576),
(45, 1, 616),
(46, 2, 636),
(47, 1, 469),
(48, 1, 470),
(49, 1, 471),
(50, 1, 478),
(51, 1, 524),
(52, 0, 638),
(53, 1, 515),
(54, 1, 539),
(55, 2, 514),
(56, 1, 504),
(57, 1, 513),
(58, 1, 499),
(59, 1, 523),
(60, 1, 475),
(61, 1, 430),
(62, 1, 537),
(63, 0, 543),
(64, 0, 543),
(65, 1, 526),
(66, 1, 536),
(67, 2, 556),
(68, 2, 578),
(69, 1, 578),
(70, 1, 429),
(71, 1, 637),
(72, 2, 618),
(73, 1, 676),
(74, 2, 493),
(75, 2, 677),
(76, 1, 679),
(77, 2, 540),
(78, 2, 538),
(79, 2, 399),
(80, 2, 497),
(81, 2, 409),
(82, 2, 508),
(83, 2, 396),
(84, 2, 541),
(85, 1, 431),
(86, 1, 423),
(87, 1, 542),
(88, 1, 422),
(89, 2, 437),
(90, 2, 560),
(91, 2, 565),
(92, 2, 566),
(93, 2, 567),
(94, 2, 571),
(95, 2, 570),
(96, 2, 569),
(97, 2, 494),
(98, 2, 533),
(99, 2, 534),
(100, 2, 525),
(101, 2, 528),
(102, 2, 522),
(103, 1, 521),
(104, 2, 516),
(105, 2, 496),
(106, 1, 501),
(107, 1, 503),
(108, 2, 400),
(109, 2, 410),
(110, 0, 659),
(111, 2, 697),
(112, 2, 737),
(113, 2, 414),
(114, 2, 411),
(115, 2, 413),
(116, 1, 405),
(117, 2, 412),
(118, 2, 408),
(119, 2, 699),
(120, 0, 736),
(121, 2, 656),
(122, 2, 657),
(123, 2, 739),
(124, 2, 696),
(125, 2, 698),
(126, 0, 658),
(127, 2, 535),
(128, 2, 532),
(129, 1, 432),
(130, 2, 433),
(131, 2, 416),
(132, 2, 417),
(133, 1, 419),
(134, 1, 418),
(135, 2, 402),
(136, 2, 518),
(137, 2, 529),
(138, 2, 519),
(139, 2, 517),
(140, 2, 507),
(141, 1, 505),
(142, 2, 512),
(143, 2, 397),
(144, 2, 415),
(145, 2, 398),
(146, 2, 448),
(147, 2, 444),
(148, 2, 447),
(149, 1, 445),
(150, 1, 420),
(151, 2, 527),
(152, 0, 406),
(153, 2, 407),
(154, 2, 498),
(155, 2, 435),
(156, 2, 434),
(157, 2, 568),
(158, 2, 461),
(159, 2, 467),
(160, 2, 574),
(161, 2, 492),
(162, 2, 456),
(163, 2, 463),
(164, 0, 555),
(165, 2, 594),
(166, 1, 546),
(167, 1, 544),
(168, 2, 590),
(169, 1, 554),
(170, 2, 464),
(171, 2, 465),
(172, 2, 462),
(173, 2, 598),
(174, 2, 597),
(175, 2, 599),
(176, 2, 579),
(177, 2, 457),
(178, 2, 404),
(179, 2, 454),
(180, 2, 427),
(181, 2, 425),
(182, 0, 577),
(183, 2, 424),
(184, 2, 421),
(185, 1, 453),
(186, 0, 449),
(187, 1, 624),
(188, 2, 613),
(189, 1, 620),
(190, 1, 655),
(191, 1, 611),
(192, 1, 630),
(193, 1, 602),
(194, 1, 606),
(195, 1, 607),
(196, 1, 609),
(197, 1, 601),
(198, 1, 623),
(199, 1, 610),
(200, 1, 654),
(201, 1, 629),
(202, 0, 643),
(203, 2, 621),
(204, 2, 628),
(205, 1, 642),
(206, 2, 641),
(207, 1, 641),
(208, 1, 648),
(209, 1, 647),
(210, 2, 653),
(211, 0, 650),
(212, 0, 644),
(213, 1, 635);

--
-- Indexes for dumped tables
--

--
-- Indexes for table `alumnos`
--
ALTER TABLE `alumnos`
  ADD PRIMARY KEY (`id_alumno`);

--
-- Indexes for table `listas`
--
ALTER TABLE `listas`
  ADD PRIMARY KEY (`id_lista`);

--
-- Indexes for table `qr`
--
ALTER TABLE `qr`
  ADD PRIMARY KEY (`idQR`);

--
-- Indexes for table `votos`
--
ALTER TABLE `votos`
  ADD PRIMARY KEY (`id_voto`);

--
-- AUTO_INCREMENT for dumped tables
--

--
-- AUTO_INCREMENT for table `alumnos`
--
ALTER TABLE `alumnos`
  MODIFY `id_alumno` int(11) NOT NULL AUTO_INCREMENT, AUTO_INCREMENT=581;
--
-- AUTO_INCREMENT for table `listas`
--
ALTER TABLE `listas`
  MODIFY `id_lista` int(11) NOT NULL AUTO_INCREMENT, AUTO_INCREMENT=3;
--
-- AUTO_INCREMENT for table `qr`
--
ALTER TABLE `qr`
  MODIFY `idQR` int(11) NOT NULL AUTO_INCREMENT, AUTO_INCREMENT=746;
--
-- AUTO_INCREMENT for table `votos`
--
ALTER TABLE `votos`
  MODIFY `id_voto` int(11) NOT NULL AUTO_INCREMENT, AUTO_INCREMENT=214;
/*!40101 SET CHARACTER_SET_CLIENT=@OLD_CHARACTER_SET_CLIENT */;
/*!40101 SET CHARACTER_SET_RESULTS=@OLD_CHARACTER_SET_RESULTS */;
/*!40101 SET COLLATION_CONNECTION=@OLD_COLLATION_CONNECTION */;
