-- phpMyAdmin SQL Dump
-- version 4.5.1
-- http://www.phpmyadmin.net
--
-- Servidor: 127.0.0.1
-- Tiempo de generación: 17-10-2018 a las 00:47:58
-- Versión del servidor: 10.1.13-MariaDB
-- Versión de PHP: 5.6.23

SET SQL_MODE = "NO_AUTO_VALUE_ON_ZERO";
SET time_zone = "+00:00";


/*!40101 SET @OLD_CHARACTER_SET_CLIENT=@@CHARACTER_SET_CLIENT */;
/*!40101 SET @OLD_CHARACTER_SET_RESULTS=@@CHARACTER_SET_RESULTS */;
/*!40101 SET @OLD_COLLATION_CONNECTION=@@COLLATION_CONNECTION */;
/*!40101 SET NAMES utf8mb4 */;

--
-- Base de datos: `votoelectronico`
--

-- --------------------------------------------------------

--
-- Estructura de tabla para la tabla `alumnos`
--

CREATE TABLE `alumnos` (
  `id_alumno` int(11) NOT NULL,
  `ApelNom` varchar(60) CHARACTER SET utf8 COLLATE utf8_spanish_ci NOT NULL,
  `dni` decimal(8,0) NOT NULL,
  `sexo` char(1) CHARACTER SET latin1 COLLATE latin1_spanish_ci NOT NULL,
  `regular` tinyint(1) NOT NULL DEFAULT '1',
  `debaja` tinyint(1) NOT NULL DEFAULT '0'
) ENGINE=InnoDB DEFAULT CHARSET=latin1;

--
-- Volcado de datos para la tabla `alumnos`
--

INSERT INTO `alumnos` (`id_alumno`, `ApelNom`, `dni`, `sexo`, `regular`, `debaja`) VALUES
(288, 'ACEVEDO, CARLA TAMARA', '38978043', 'F', 1, 0),
(289, 'ACEVEDO, ALDANA CATERINA', '40361152', 'F', 1, 0),
(290, 'ACEVEDO, LEONEL EMANUEL', '39499967', 'F', 1, 0),
(291, 'ACEVEDO, NATALIA VANESA', '28722466', 'F', 1, 0),
(292, 'ACEVEDO, PRISCILA MARIA LUZ', '37828702', 'F', 1, 0),
(293, 'ACOSTA, LORNA MARÍA', '38817935', 'F', 1, 0),
(294, 'ACOSTA, MAGALI BIBIANA', '41633969', 'F', 1, 0),
(295, 'AGUIRRE ACOSTA, ALEJANDRA CAROLINA', '39775404', 'F', 1, 0),
(296, 'AGUIRRE, ALEXIS MATIAS', '39499941', 'M', 1, 0),
(297, 'AGUIRRE, ANABELA AZUCENA', '40311483', 'F', 1, 0),
(298, 'AGUIRRE, IVANA SOLEDAD', '40920541', 'F', 1, 0),
(299, 'AGUIRRE, VIVIANA CELESTINA', '33022609', 'F', 1, 0),
(300, 'AGUIRRE, YOANA ELISABET', '41848030', 'F', 1, 0),
(301, 'ALARCON, DANISA PAOLA', '45341730', 'F', 1, 0),
(302, 'ALARCÓN, DIANA ESTEFANIA', '38134876', 'F', 1, 0),
(303, 'ALARCON, FLORENCIA ANABELLA', '39856692', 'F', 1, 0),
(304, 'ALARCON, NADIA PAOLA', '40647394', 'F', 1, 0),
(305, 'ALARCON, SILVANA ALEJANDRA', '36809552', 'F', 1, 0),
(306, 'ALARCON, VERONICA JOANA', '37398168', 'F', 1, 0),
(307, 'ALEGRE, ALDANA MARICEL', '42558505', 'F', 1, 0),
(308, 'ALMIR?N, MARIELA RAQUEL', '37561660', 'F', 1, 0),
(309, 'ALTAMIRANO, CAROLINA', '40968061', 'F', 1, 0),
(310, 'ALTAMIRANO, FATIMA LUDMILA', '38520473', 'F', 1, 0),
(311, 'ALVAREZ, EMILCE VERONICA', '28722243', 'F', 1, 0),
(312, 'AQUINO, MARIA DE LOS ANGELES', '41133430', 'F', 1, 0),
(313, 'AQUINO, ROC?O BEL?N', '40361156', 'F', 1, 0),
(314, 'AQUINO, TOBIAS GABRIEL', '39856696', 'M', 1, 0),
(315, 'ARM?A, EMILCE LUCIANA', '41847975', 'F', 1, 0),
(316, 'AVALOS, BRENDA NATAL?', '33105641', 'F', 1, 0),
(317, 'AVALOS, ERICA ANDREA', '35130488', 'F', 1, 0),
(318, 'AVALOS, LUCAS HERNAN', '36405852', 'M', 1, 0),
(319, 'AYALA, LORENA SOLEDAD', '40360951', 'F', 1, 0),
(320, 'BALMACEDA, ANTONELLA ELIZABETH', '41658157', 'F', 1, 0),
(321, 'BALMACEDA, MARISA NOEMI', '28012962', 'F', 1, 0),
(322, 'BARBOZA, CRISTELA ANABEL', '38818346', 'F', 1, 0),
(323, 'BARIZ, MICAELA DAMARIS', '39661477', 'F', 1, 0),
(324, 'BARRETO, MALVINA SOLEDAD', '28722311', 'F', 1, 0),
(325, 'BARRIOS, CELESTE CATALINA', '37828889', 'F', 1, 0),
(326, 'BARRIOS, YOANA MARIA', '38818033', 'F', 1, 0),
(327, 'BASER, CAMILA JUDITH', '38288662', 'F', 1, 0),
(328, 'BASER, MACARENA SOLEDAD', '40920511', 'F', 1, 0),
(329, 'BENITEZ VILLAMAYOR, JAZM?N ARACELI', '42182053', 'F', 1, 0),
(330, 'BERON, LIONEL EDUARDO', '37711609', 'M', 1, 0),
(331, 'BERTRAN, AIL?N MILAGROS', '37828861', 'F', 1, 0),
(332, 'BLANCO, PEDRO HERNAN', '41633925', 'M', 1, 0),
(333, 'BLANCO, SANDRA FABIANA', '32703658', 'F', 1, 0),
(334, 'BOGADO, YAMILA', '38817991', 'F', 1, 0),
(335, 'BORDA, FIAMA BEATRIZ', '39949399', 'F', 1, 0),
(336, 'BORDE, MACARENA LUZ', '44996059', 'F', 1, 0),
(337, 'BORELLI, J?SICA ANTONELLA', '36735223', 'F', 1, 0),
(338, 'BRAC, DAIANA JAZMIN', '39125848', 'F', 1, 0),
(339, 'BRAZZART, TAMARA MALENA', '39499911', 'F', 1, 0),
(340, 'BRITEZ, JOAQUIN ISAIAS', '37579841', 'M', 1, 0),
(341, 'BROGGI, AYELEN EDITH', '33381998', 'F', 1, 0),
(342, 'CABRAL, BRENDA MELISA', '39856993', 'F', 1, 0),
(343, 'CABRAL, MARIANA CAROLA', '27389024', 'F', 1, 0),
(344, 'CABRERA, CARINA EMILCE', '26994882', 'F', 1, 0),
(345, 'CABRERA, JULIETA ARACELI', '39125851', 'F', 1, 0),
(346, 'CACERES, FACUNDO GABRIEL', '39856770', 'M', 1, 0),
(347, 'CACERES, MAT?AS EFRA?N', '38818193', 'M', 1, 0),
(348, 'CAMACHO GONZ?LEZ, F?TIMA RAQUEL', '95639804', 'F', 1, 0),
(349, 'CANARIO, CARINA SILVANA', '27186993', 'F', 1, 0),
(350, 'CARDOZO, MARIA ELENA', '29369242', 'F', 1, 0),
(351, 'CARDOZO, MARIA ELENA', '29369242', 'F', 1, 0),
(352, 'CARDOZO, MARINA PAOLA', '36481153', 'F', 1, 0),
(353, 'CARDOZO, VANESA MARISEL', '31795768', 'F', 1, 0),
(354, 'CARRERA, ERICA CLARIBEL', '36895891', 'F', 1, 0),
(355, 'CENTURION, NORMA ROC?O', '40920530', 'F', 1, 0),
(356, 'CHARA, GUILLERMO LEONEL', '36809718', 'M', 1, 0),
(357, 'CONTARDE, MARIANO GAST?N', '39856806', 'M', 1, 0),
(358, 'CONTRERA, ARIANA ALDANA', '40312229', 'F', 1, 0),
(359, 'CORTEZ, ARIANA CARLA', '40968047', 'F', 1, 0),
(360, 'CORTEZ, MELANIE JEANETTE', '38380376', 'F', 1, 0),
(361, 'COSTA, DANIELA JORGELINA', '37829007', 'F', 1, 0),
(362, 'CUEVAS, JOS? ALEJANDRO DAVID', '39856608', 'M', 1, 0),
(363, 'DE GREEF, ERICK', '37828798', 'M', 1, 0),
(364, 'DEASIS, VANESA MABEL', '36405606', 'F', 1, 0),
(365, 'DECKER, ADRIANA ANTONELA', '40905407', 'F', 1, 0),
(366, 'DEL FABRO, ALEXIS ANAH?', '38376202', 'F', 1, 0),
(367, 'DEL FABRO, ERICA FABIANA', '27880146', 'F', 1, 0),
(368, 'DELFINO, WALTER RAMON', '39856658', 'M', 1, 0),
(369, 'DELSSIN, LORENA ANAHI', '33614927', 'F', 1, 0),
(370, 'DELT?N, CATERINA LISET', '41633937', 'F', 1, 0),
(371, 'DELT?N, LEIDI GIULIANA', '40360847', 'F', 1, 0),
(372, 'DELT?N, MAR?A FLORENCIA', '39367801', 'F', 1, 0),
(373, 'DELT?N, MELISA ASUNCI?N', '38818196', 'F', 1, 0),
(374, 'DIAZ, ROCIO ANABEL', '40548303', 'F', 1, 0),
(375, 'D?EZ, OSCAR ALEJANDRO', '38818333', 'M', 1, 0),
(376, 'DUARTE, ALEXIS RAM?N', '41288638', 'M', 1, 0),
(377, 'DUARTE, CLOTILDE CLARA', '12923251', 'F', 1, 0),
(378, 'DUARTE, CLOTILDE CLARA', '12923251', 'F', 1, 0),
(379, 'DURANDO, LEONELA YANINA', '38971506', 'F', 1, 0),
(380, 'ENCINAS, FLORENCIA BEL?N', '41732481', 'F', 1, 0),
(381, 'ENRIQUE, ROCIO DANIELA', '36735296', 'F', 1, 0),
(382, 'ESCALANTE, ZULEMA NELY', '36481175', 'F', 1, 0),
(383, 'ESCOBAR, GISEL NOELIA', '36481152', 'F', 1, 0),
(384, 'ESCOBAR, VALERIA SOLEDAD AIDA', '34814833', 'F', 1, 0),
(385, 'ESMAY, AXEL EMANUEL', '41489927', 'M', 1, 0),
(386, 'ESMAY, NAOM? NOEM?', '42609225', 'F', 1, 0),
(387, 'ESQUIVEL, XOANA PAMELA', '33907449', 'F', 1, 0),
(388, 'FALCON, DANISA MICAELA', '41633974', 'F', 1, 0),
(389, 'FALCON, ELIANA MAGALI', '39245943', 'F', 1, 0),
(390, 'FAULKNER, MELINA', '42558560', 'F', 1, 0),
(391, 'FECK, JUDITH MAR?A', '29369253', 'F', 1, 0),
(392, 'FERNANDEZ, GEORGINA BEL?N', '41658168', 'F', 1, 0),
(393, 'FERNANDEZ, JOAQU?N EXEQUIEL', '41658185', 'M', 1, 0),
(394, 'FERNANDEZ, MARIANELA NATIVIDAD', '40361086', 'F', 1, 0),
(395, 'FERNANDEZ, MARICEL ELISABET', '38819822', 'F', 1, 0),
(396, 'FERNANDEZ, MELINA ALEJANDRA', '39499582', 'F', 1, 0),
(397, 'FERNANDEZ, MELINA ALEJANDRA', '39499582', 'F', 1, 0),
(398, 'FIANT, YANINA LILIANA', '36405777', 'F', 1, 0),
(399, 'FISCH, FACUNDO JOAQU?N', '39389150', 'M', 1, 0),
(400, 'FLORES, ALDANA AYL?N', '39499989', 'F', 1, 0),
(401, 'FLORES, LETICIA BEATRIZ', '41849079', 'F', 1, 0),
(402, 'FLORES, LUCIANA RAQUEL', '39856781', 'F', 1, 0),
(403, 'FORLIN, ABIGAIL LUCIANA', '37407167', 'F', 1, 0),
(404, 'FORL?N, ELIANA ANABEL', '30707031', 'F', 1, 0),
(405, 'FORLIN, ROMINA ROCIO', '36405632', 'F', 1, 0),
(406, 'FRANCO, GISELA SOLEDAD', '35769087', 'F', 1, 0),
(407, 'GALARZA, MONICA DEL CARMEN', '21988675', 'F', 1, 0),
(408, 'GALARZA, PRISCILA MAGAL?', '37828943', 'F', 1, 0),
(409, 'GALARZA, VANESA ELISA', '39856935', 'F', 1, 0),
(410, 'GALARZA, YANINA MARILIN', '28722046', 'F', 1, 0),
(411, 'GALEANO, NANCY ALEJANDRA', '35130376', 'F', 1, 0),
(412, 'GALLARDO, AGUSTINA EMILIA', '41227226', 'F', 1, 0),
(413, 'GAMARRA, MARISA DEL CARMEN', '31978465', 'F', 1, 0),
(414, 'GAMARRA, MILAGROS MAYLEN', '40362970', 'F', 1, 0),
(415, 'GAMARRA, SILVANA VERONICA', '32225109', 'F', 1, 0),
(416, 'GAMARRA, Y?SICA DANIELA', '40360855', 'F', 1, 0),
(417, 'GARCIA, ALEXIS SEBASTIAN', '37828843', 'M', 1, 0),
(418, 'GAZZOLA, RODRIGO DAMI?N', '37828901', 'M', 1, 0),
(419, 'GAZZOLA, SEBASTIAN ARIEL', '37828902', 'M', 1, 0),
(420, 'GIMENEZ, JESICA DANIELA', '39959243', 'F', 1, 0),
(421, 'GODEAS, ANTONELA ROMINA', '31386282', 'F', 1, 0),
(422, 'GOMEZ, CAMILA AYELEN', '41658183', 'F', 1, 0),
(423, 'GOMEZ, CAMILA AYELEN', '41658183', 'F', 1, 0),
(424, 'GOMEZ, CAMILA YADIRA', '38818039', 'F', 1, 0),
(425, 'G?MEZ, CLAUDIA ALEJANDRA', '33641297', 'F', 1, 0),
(426, 'GOMEZ, GISELA ELIZABETH', '41603360', 'F', 1, 0),
(427, 'GOMEZ, LISANDRA PAMELA', '41491033', 'F', 1, 0),
(428, 'GOMEZ, VANESA ITAT?', '32490335', 'F', 1, 0),
(429, 'GONZALEZ HULET, AGOSTINA DAIANA', '41866188', 'F', 1, 0),
(430, 'GONZALEZ, SABINA CARLA', '33641348', 'F', 1, 0),
(431, 'GONZALEZ, SUSANA ARACELI', '38978072', 'F', 1, 0),
(432, 'GRILL FISCH, ELIANA EVELYN', '31007250', 'F', 1, 0),
(433, 'GRILL, GABRIELA XIMENA', '37398142', 'F', 1, 0),
(434, 'GRILL, LUCIANA JACKELINE', '38817969', 'F', 1, 0),
(435, 'GROSSO, JULIETA MAR?A', '41406841', 'F', 1, 0),
(436, 'HARDY, CARLA FLORENCIA', '40361080', 'F', 1, 0),
(437, 'HARDY, NATALIA LORENA', '28012995', 'F', 1, 0),
(438, 'INSAURRALDE, ARIANA AYEL?N', '40920514', 'F', 1, 0),
(439, 'INSAURRALDE, GUSTAVO DANIEL', '40361229', 'M', 1, 0),
(440, 'INSAURRALDE, LUZ DEL ROSARIO', '41360102', 'F', 1, 0),
(441, 'INSAURRALDE, MICAELA AGUSTINA', '41288579', 'F', 1, 0),
(442, 'INSAURRALDE, STELLA MARIS', '39856870', 'F', 1, 0),
(443, 'JARA, CINTIA EVELIN', '33105516', 'F', 1, 0),
(444, 'JASTRZEBSKI, STEFAN?A AYEL?N', '41633981', 'F', 1, 0),
(445, 'KIENER, FACUNDO NAHUEL', '39499962', 'M', 1, 0),
(446, 'LEDESMA, VIVIANA RAMONA', '36481144', 'F', 1, 0),
(447, 'LEDESMA, YOANA SOLEDAD', '38376224', 'F', 1, 0),
(448, 'LEGUIZA, KAREN AGOSTINA', '37828888', 'F', 1, 0),
(449, 'LESCANO, MARCELA NOEM?', '30024109', 'F', 1, 0),
(450, 'L?PEZ, ANAH? DEL CARMEN', '41849046', 'F', 1, 0),
(451, 'LOPEZ, ESTELA MAR?A', '30707200', 'F', 1, 0),
(452, 'LOPEZ, MARIL?N ANTONELA', '40920510', 'F', 1, 0),
(453, 'L?PEZ, NANCY ELISABET', '28722495', 'F', 1, 0),
(454, 'LOPEZ, VALERIA EVELIN', '41057352', 'F', 1, 0),
(455, 'LOPEZ, ZUNILDA MARIANELA', '38978013', 'F', 1, 0),
(456, 'LUGO, AYL?N MAR?A LUJ?N', '40361069', 'F', 1, 0),
(457, 'LUQUE, ANAH? DAIANA', '36405796', 'F', 1, 0),
(458, 'MAGNAGO, LIS EVELIN', '31458423', 'F', 1, 0),
(459, 'MAIDANA ACEVEDO, MARCELO IVAN', '38818194', 'M', 1, 0),
(460, 'MANDER, CRISTINA MARIA DANIELA', '27880118', 'F', 1, 0),
(461, 'MARECO, CAREN ELIANA', '37829086', 'F', 1, 0),
(462, 'MARTINEZ, CLARISA ANALIA', '40968034', 'F', 1, 0),
(463, 'MARTINEZ, SEBASTIAN GONZALO', '33365651', 'M', 1, 0),
(464, 'MASSARO, TATIANA EVELYN', '39856975', 'F', 1, 0),
(465, 'MATTAR, MARIA LUZ', '39126040', 'F', 1, 0),
(466, 'MEJ?AS, ANABEL MAR?A ITAT?', '32583223', 'F', 1, 0),
(467, 'MELGAREJO, SERGIO DARIO', '27039961', 'M', 1, 0),
(468, 'MENDOZA, ALDANA ITATI', '41849025', 'F', 1, 0),
(469, 'MI?O, DAIANA AYEL?N', '38978073', 'F', 1, 0),
(470, 'MOLINA, CECILIA BEL?N', '39856976', 'F', 1, 0),
(471, 'MOLINA, ELIANA ANDREA', '35769332', 'F', 1, 0),
(472, 'MOLINA, MARISABEL', '39125835', 'F', 1, 0),
(473, 'MOREL, ELENA LORENA', '38376211', 'F', 1, 0),
(474, 'MU?OS, MELINA', '39856734', 'F', 1, 0),
(475, 'NAVARRO, ?RICA MAILEN', '36405898', 'F', 1, 0),
(476, 'NU?EZ, RITA AYELEN', '39125938', 'F', 1, 0),
(477, 'O CONNOR, DALMA ALEXA', '38978075', 'F', 1, 0),
(478, 'OCAMPO, CRISTIAN ANDR?S', '35770233', 'M', 1, 0),
(479, 'OJEDA, GUSTAVO ARIEL', '40968022', 'M', 1, 0),
(480, 'OJEDA, SIBILA AYELEN', '41732441', 'F', 1, 0),
(481, 'OJEDA, YAMILA AYLEN', '38818213', 'F', 1, 0),
(482, 'ORZO, MAR?A JIMENA', '41633991', 'F', 1, 0),
(483, 'OTAZO, MICAELA DAIANA', '41407306', 'F', 1, 0),
(484, 'PADR?N, SILVINA ROC?O', '40361101', 'F', 1, 0),
(485, 'PALACIO, MARIA FLORENCIA', '40311183', 'F', 1, 0),
(486, 'PANIAGUA, JUAN ABEL', '39856730', 'M', 1, 0),
(487, 'PARE, YENIT AYEL?N', '40968001', 'F', 1, 0),
(488, 'PAREDES, GRACIELA', '38818262', 'F', 1, 0),
(489, 'PAREDES, PAMELA TATIANA', '33105578', 'F', 1, 0),
(490, 'PAVON, DAIANA ELISABET', '37711666', 'F', 1, 0),
(491, 'PAVON, LUISINA NOEMI', '40361187', 'F', 1, 0),
(492, 'PEDROZO, CINTIA ANTONELA', '33382070', 'F', 1, 0),
(493, 'PEREYRA, IVANA DAMARIS', '42202980', 'F', 1, 0),
(494, 'PEREYRA, TANIA LORELEY', '36405831', 'F', 1, 0),
(495, 'PEREZ, CARLA MARISOL', '38818331', 'F', 1, 0),
(496, 'P?REZ, GABRIELA MARIL?N', '41849092', 'F', 1, 0),
(497, 'PEREZ, GISELA ERICA ELISABET', '36249681', 'F', 1, 0),
(498, 'PEREZ, JULIANA BEATRIZ', '38376210', 'F', 1, 0),
(499, 'PEREZ, MARCIA DANIELA', '42609683', 'F', 1, 0),
(500, 'PEREZ, MARINA ELIZABETH', '42341986', 'F', 1, 0),
(501, 'PEREZ, MAXIMILIANO', '37202168', 'M', 1, 0),
(502, 'PERSOGLIA, JOHANA MAGALI', '32246914', 'F', 1, 0),
(503, 'PERSOGLIA, JOHANA MAGALI', '32246914', 'F', 1, 0),
(504, 'PITTAU, EZEQUIEL NICOL?S', '38288688', 'M', 1, 0),
(505, 'PONCE, DEBORA GISELA', '32452398', 'F', 1, 0),
(506, 'QUINTANA, ROMINA MICAELA', '41160656', 'F', 1, 0),
(507, 'QUINTANA, TAMARA ROC?O', '41848055', 'F', 1, 0),
(508, 'QUI?ONES, MAILEN MAMERTA', '41943251', 'F', 1, 0),
(509, 'RAM?REZ, FLORENCIA BEATR?Z', '40360928', 'F', 1, 0),
(510, 'RAMIREZ, MATIAS ALEXIS', '39856777', 'M', 1, 0),
(511, 'RAMIREZ, SARA ELDA', '32259461', 'F', 1, 0),
(512, 'RAMIREZ, SHIRLI EBELYN', '34176640', 'F', 1, 0),
(513, 'RAMIREZ, VIVIANA NOEM?', '36405671', 'F', 1, 0),
(514, 'RAMOS, WALTER RAUL', '31215071', 'M', 1, 0),
(515, 'RINESI, MARIANELA MARIEL', '40361067', 'F', 1, 0),
(516, 'RIOS, VANESA LUZ', '33928582', 'F', 1, 0),
(517, 'RIOS, YANINA ROSA', '36249713', 'F', 1, 0),
(518, 'ROBERTS, JOANA BEL?N', '37407014', 'F', 1, 0),
(519, 'ROBLEDO, LOANA ABRIL', '42182277', 'F', 1, 0),
(520, 'ROJAS, LUCIANA ANABELA', '38978045', 'F', 1, 0),
(521, 'ROMERO, BRISA DAIANA', '40920588', 'F', 1, 0),
(522, 'ROMERO, DENISE ABIGAIL', '40361264', 'F', 1, 0),
(523, 'ROMERO, ENZO ARIEL', '40312205', 'M', 1, 0),
(524, 'ROMERO, MALENA ROSARIO', '41603361', 'F', 1, 0),
(525, 'ROMERO, MIRIAN YOLANDA', '31468644', 'F', 1, 0),
(526, 'ROSA ULIANA, MARISA GRACIELA', '34749194', 'F', 1, 0),
(527, 'SALINA, ANA MARIA', '42038717', 'F', 1, 0),
(528, 'SALINA, BETIANA NOEMI', '35130348', 'F', 1, 0),
(529, 'SALPIETRO, YAMIL WILFREDO', '37579868', 'M', 1, 0),
(530, 'SANCHEZ, AGUSTINA DANIELA', '37855348', 'F', 1, 0),
(531, 'SANCHEZ, DULCE MARIA', '36671090', 'F', 1, 0),
(532, 'S?NCHEZ, EZEQUIEL ELIAS', '41288560', 'M', 1, 0),
(533, 'SANCHEZ, MACARENA ELIZABET', '38817938', 'F', 1, 0),
(534, 'SANCHEZ, MICAELA TAMARA', '39499566', 'F', 1, 0),
(535, 'SANCHEZ, MILAGROS LORELEY', '38818382', 'F', 1, 0),
(536, 'SANCHEZ, NOELIA ISABEL', '32225123', 'F', 1, 0),
(537, 'SANDOVAL, CAREN DAIANA', '39245916', 'F', 1, 0),
(538, 'SANDOVAL, CARLA ANDREA', '39856954', 'F', 1, 0),
(539, 'SANDOVAL, CARLA ANDREA', '39856954', 'F', 1, 0),
(540, 'SAUCEDO, AGUEDA ROCIO', '33022613', 'F', 1, 0),
(541, 'SAUCEDO, GABRIEL OSVALDO', '37579949', 'M', 1, 0),
(542, 'SEGOVIA, MALENA MARISOL', '40360999', 'F', 1, 0),
(543, 'SNAIDER, MARIA SOL', '34469816', 'F', 1, 0),
(544, 'SNAIDER, NADIA EVELYN', '28567522', 'F', 1, 0),
(545, 'SORIA, KATHERINE MONICA', '41646334', 'F', 1, 0),
(546, 'SOSA, ALEJANDRA PAOLA', '38818251', 'F', 1, 0),
(547, 'SOSA, CLAUDIA BEATRIZ', '33105630', 'F', 1, 0),
(548, 'STEKETEE, BIBIANA SOLEDAD', '35769086', 'F', 1, 0),
(549, 'SUAREZ, AMER ARIEL', '41633902', 'M', 1, 0),
(550, 'SUAREZ, JOSE ANTONIO', '39857931', 'M', 1, 0),
(551, 'SUAREZ, SOLANGE AINAL?N', '41633948', 'F', 1, 0),
(552, 'SUAREZ, ULISES NAHUEL', '39856948', 'M', 1, 0),
(553, 'TOMADIN, ISABEL ALICIA', '25733209', 'F', 1, 0),
(554, 'TOMADIN, LORENA LUISA', '40920584', 'F', 1, 0),
(555, 'TORRES, LILIANA MAGALI', '42182017', 'F', 1, 0),
(556, 'TORRES, LUCIANA EVELYN', '31468784', 'F', 1, 0),
(557, 'VALLEJOS, BRIAN ENZO', '41160620', 'M', 1, 0),
(558, 'VALLEJOS, CINTIA DAIANA', '40311475', 'F', 1, 0),
(559, 'VALLEJOS, DAIANA MARICEL', '36405686', 'F', 1, 0),
(560, 'VALLEJOS, LUCIANA BELEN', '39126068', 'F', 1, 0),
(561, 'VALLEJOS, PRISCILA MARCELA', '41732478', 'F', 1, 0),
(562, 'VALLEJOS, TAMARA NOEMI', '38288583', 'F', 1, 0),
(563, 'VEGA, NICOLAS EMANUEL', '39245948', 'M', 1, 0),
(564, 'VELASQUEZ, SOLEDAD IVANA', '35392231', 'F', 1, 0),
(565, 'VELOZO, GUSTAVO RAM?N', '23757305', 'M', 1, 0),
(566, 'VERA, MARCOS ANIBAL', '41603377', 'M', 1, 0),
(567, 'VERA, YAMILA NOEM?', '40361024', 'F', 1, 0),
(568, 'VERGARA, JANINA VANESA', '32259497', 'F', 1, 0),
(569, 'VERNAZZA, BETIANA ELISABET', '32225021', 'F', 1, 0),
(570, 'VER?N, MARIANELA CINTIA BEATRIZ', '36249743', 'F', 1, 0),
(571, 'VER?N, SUSANA ALICIA', '24470388', 'F', 1, 0),
(572, 'VILLALBA, ANA MAR?A', '34225970', 'F', 1, 0),
(573, 'WALTTER, NATALIA ROXANA', '34469970', 'F', 1, 0),
(574, 'WINKLER, JULIAN ANDRES', '41658139', 'M', 1, 0),
(575, 'WINKLER, MAR?A EUGENIA', '39856923', 'F', 1, 0),
(576, 'WIRTH, IV?N GAST?N', '42182031', 'M', 1, 0),
(577, 'YEBARA, AIL?N BETANIA', '40920526', 'F', 1, 0),
(578, 'ZARATE, GEORGINA ELIZABETH', '40360910', 'F', 1, 0),
(579, 'Z?RATE, JOANA SOLEDAD', '39856813', 'F', 1, 0),
(580, 'SEGOVIA, CINTIA MARIA BELEN', '36112394', '', 1, 0);

-- --------------------------------------------------------

--
-- Estructura de tabla para la tabla `eleccion`
--

CREATE TABLE `eleccion` (
  `idEleccion` int(10) UNSIGNED NOT NULL,
  `nombre` varchar(50) NOT NULL,
  `fecha` date DEFAULT NULL,
  `habilitado` tinyint(1) NOT NULL
) ENGINE=InnoDB DEFAULT CHARSET=latin1;

--
-- Volcado de datos para la tabla `eleccion`
--

INSERT INTO `eleccion` (`idEleccion`, `nombre`, `fecha`, `habilitado`) VALUES
(1, 'prueba', '2018-07-24', 0),
(2, 'test', '2018-07-11', 0),
(3, 'testing', '2018-07-12', 0),
(4, 'votoElectronico', '2018-10-09', 1);

-- --------------------------------------------------------

--
-- Estructura de tabla para la tabla `listas`
--

CREATE TABLE `listas` (
  `id_lista` int(11) NOT NULL,
  `idEleccion` int(10) UNSIGNED NOT NULL,
  `nombre` varchar(50) NOT NULL,
  `imagen` varchar(100) NOT NULL COMMENT 'Link de la imagen de la lista'
) ENGINE=InnoDB DEFAULT CHARSET=latin1;

--
-- Volcado de datos para la tabla `listas`
--

INSERT INTO `listas` (`id_lista`, `idEleccion`, `nombre`, `imagen`) VALUES
(0, 1, 'Voto en Blanco', 'logo blanco.png'),
(1, 1, 'Fuerte Esperanza', 'logo FE.png'),
(2, 1, 'Alianza Estudiantes', 'logo ADE.png'),
(3, 2, 'Voto en Blanco', 'logo blanco.png'),
(4, 3, 'Voto en Blanco', 'logo blanco.png'),
(5, 2, 'Nueva', 'Mangrullo4.jpg'),
(6, 4, 'No sé', 'nose.png'),
(7, 4, 'Sí', 'pulgar-arriba.png'),
(8, 4, 'No', 'pulgar-abajo.png');

-- --------------------------------------------------------

--
-- Estructura de tabla para la tabla `padron`
--

CREATE TABLE `padron` (
  `idPadron` int(10) NOT NULL,
  `idAlumno` int(10) NOT NULL,
  `idEleccion` int(10) NOT NULL
) ENGINE=InnoDB DEFAULT CHARSET=latin1;

-- --------------------------------------------------------

--
-- Estructura de tabla para la tabla `qr`
--

CREATE TABLE `qr` (
  `idQR` int(11) NOT NULL,
  `idEleccion` int(10) UNSIGNED NOT NULL,
  `QRcodigo` varchar(20) NOT NULL,
  `usado` tinyint(1) NOT NULL DEFAULT '0',
  `administrador` tinyint(4) NOT NULL
) ENGINE=InnoDB DEFAULT CHARSET=latin1;

--
-- Volcado de datos para la tabla `qr`
--

INSERT INTO `qr` (`idQR`, `idEleccion`, `QRcodigo`, `usado`, `administrador`) VALUES
(396, 1, 'Tips90SuXEoWJRAKg7p5', 0, 0),
(397, 1, '0qPPvnZjhfyIrv1MTTEM', 0, 0),
(398, 1, 'HXSuBw5CU4CX6pNs5xOY', 0, 0),
(399, 1, 'UxHK1txxVqQgZHQ74S9R', 0, 0),
(400, 1, 'K7bx3gA8KfbfCLNoWRgX', 0, 0),
(401, 1, 'Vx2bap1IsQjDjOjCU7Gh', 0, 0),
(402, 1, '8tHmhGD09PgF6T9kXueP', 0, 0),
(403, 1, 'h5MsPpYglqbQX4kmCPZM', 0, 0),
(404, 1, 'FVwud9R6fAdeJYZvo2U2', 0, 0),
(405, 1, 'CahOFos9QtV6W8PZiKlv', 0, 0),
(406, 1, '1ljMOMTp2edidvnO9mNV', 0, 0),
(407, 1, 'w5EeEieQAS6NKOG1Lygt', 0, 0),
(408, 1, 'Iwmy0r5DL1bmdQ0775bL', 0, 0),
(409, 1, 'Bs8eT8862D8kZ6VB4BSc', 0, 0),
(410, 1, 'Nn73TcL6igS0by0o5AAJ', 0, 0),
(411, 1, 'dRCDSDsTS4zYa2qiTZaw', 0, 0),
(412, 1, 'pb1TN2fKt0QSiB3NoG85', 0, 0),
(413, 1, '41kcTQTSCn0mn69mNqeh', 0, 0),
(414, 1, 'YJOWt90Re9eaqSGJ4xDw', 0, 0),
(415, 1, '729ht6K22U1M2XWx9HaC', 0, 0),
(416, 1, 'xXo2UomUQqkuPTZsOVco', 0, 0),
(417, 1, '2ZY7T4qcFZK8Y4wZnuTi', 0, 0),
(418, 1, 'Ch9QYnaiKtZygSk0T7zG', 0, 0),
(419, 1, 'rUemttOEMkfMZZUflypz', 0, 0),
(420, 1, 'z2eOFkfGgpDTQEA2jHsA', 0, 0),
(421, 1, 'PN2BchGit9VOjWnzic5J', 0, 0),
(422, 1, 'wGVMGJdJAF0WiCLfacGE', 0, 0),
(423, 1, 'DicdWFTZQauYkDo6jeMm', 0, 0),
(424, 1, 'geRG6aH85U49iddMbXHP', 0, 0),
(425, 1, 'nfOxZHOv2537AdruUlsf', 0, 0),
(426, 1, 'tl9K8HoeKyJFT8JYC9UG', 0, 0),
(427, 1, 'rfvE2KkQTKEyB1oMv6Rx', 0, 0),
(428, 1, 'jAaWyY9NxmnVlsjWpZLc', 0, 0),
(429, 1, '3tXXpQPYu7VMh5tZjs7E', 0, 0),
(430, 1, 'FfmrpEnYp9SMXuEU8P2B', 0, 0),
(431, 1, 'AHb4OpahMYR2jHoMpbpL', 0, 0),
(432, 1, 'IoEK0Fw2S9Ge3NbvP8Ov', 0, 0),
(433, 1, 'DjaEbSRFKtSf34mauG4C', 0, 0),
(434, 1, 'sshrxLzBB7WKDAwHzdDW', 0, 0),
(435, 1, 'mZ8VOwT3sFWAaoqD9qEO', 0, 0),
(436, 1, 'QctiFjOV1MC7FWRQAkuU', 0, 0),
(437, 1, '3drgOUs7XrOcbq8TAn5m', 0, 0),
(438, 1, 'pCCK3xlh8m38s7n9wFLI', 0, 0),
(439, 1, 'Nk7yr2qeeYZIap9biC7F', 0, 0),
(440, 1, 'Hk42koNlNqkA8OXaGshR', 0, 0),
(441, 1, 'LnrEfewsamNCNMP1BC26', 0, 0),
(442, 1, 'U1Vlv5o197tHVk5MoL9p', 0, 0),
(443, 1, 'U4v91f5jaxZdKOIJTK04', 0, 0),
(444, 1, 'KLxgLcce4yPV0aRqUPYH', 0, 0),
(445, 1, 'qjjuJmrfCqm6TEEsqbuU', 0, 0),
(446, 1, 'OSyTtuqtSA7NRKCY0WkE', 0, 0),
(447, 1, 'zP7wa9RyyOfWlwjjv6mN', 0, 0),
(448, 1, 'k29CNNUnvNGAplgW5rQO', 0, 0),
(449, 1, 'F86T6US4klJozbgnhXc0', 0, 0),
(450, 1, 'xagLFJFdVbRffO9C7iRN', 0, 0),
(451, 1, '8Dctw3xcgDY5a4YUXpRn', 0, 0),
(452, 1, 'Skv15L5STAfE3tQ61uL6', 0, 0),
(453, 1, 'WTD7lKPtvG4iL2Pg3s8r', 0, 0),
(454, 1, 'UEkj6DVO3evck7QF4VO6', 0, 0),
(455, 1, 'Tkg5dl0sKDCN5oWtOoIl', 0, 0),
(456, 1, 'Pg5FEuLX7yv7Y1lYIEZO', 0, 0),
(457, 1, 'MpYWvrFPFnT1NZNvUB67', 0, 0),
(458, 1, 'DmYHaXgQ8Bd4QT4e51Bf', 0, 0),
(459, 1, 'du13KgYVWbqUC9UNijXa', 0, 0),
(460, 1, 'DEXi3M88Foi1WrI1qfbN', 0, 0),
(461, 1, 'ib6KRSFPtDWht7vSNTzX', 0, 0),
(462, 1, 'xOkIGLJ6IfLHQWw8XEp9', 0, 0),
(463, 1, 'K8Tsg6Le00SFY1p97Tld', 0, 0),
(464, 1, 'WNoEhPAyoeQCFMhIY3SJ', 0, 0),
(465, 1, 'FO70o2CSQnlouENXS2DK', 0, 0),
(466, 1, 'EJN6ycpNMUoGSXtCapJ6', 0, 0),
(467, 1, 'RAjZuFbMOGHQ2IyyWSQB', 0, 0),
(468, 1, '9JzrhCKzT3VY6pYJtLSc', 0, 0),
(469, 1, '2mK5Fu7VOb5zDEHZi2zT', 0, 0),
(470, 1, 'QXDyqhyMPKkpy3aVv7rX', 0, 0),
(471, 1, 'Ilu1PFlJsUgrC93H236n', 0, 0),
(472, 1, 'Tkpng38v6lONocTbHIFv', 0, 0),
(473, 1, '5Kt40y3l9nWBREJPGPru', 0, 0),
(474, 1, 'KD9XMKdvi8ZC2oGilbS6', 0, 0),
(475, 1, '0MrBhMHe0ZDaE36uKFnr', 0, 0),
(476, 1, '8gS2iwFfXK5m9Soeftzb', 0, 0),
(477, 1, 'krKi4PELsR48dwA7GSGS', 0, 0),
(478, 1, 'y57duLl8wGSLBTmqUsh6', 0, 0),
(479, 1, 'CHsUNANF8yJyZr0QWlHt', 0, 0),
(480, 1, '6cHns6LEvSDtcu1X16oy', 0, 0),
(481, 1, 'CnSAenBxnknhSCY5KJBx', 0, 0),
(482, 1, 'OtPd8iIopCvgcrwrHpt3', 0, 0),
(483, 1, 'FETNsnEOst86oHgwL4oK', 0, 0),
(484, 1, 'HfFLzzsDheGzr9VQNbit', 0, 0),
(485, 1, 'YQCOTY5BOQYxt7bk3MOs', 0, 0),
(486, 1, 'GjD0R8WXo9txauCbaiEo', 0, 0),
(487, 1, 'WB2CyuusUDoLmV0DmhI0', 0, 0),
(488, 1, 'laPGkX56FiTFDMMXpq22', 0, 0),
(489, 1, 'rOFUuDAfkoq4U5m4dfDM', 0, 0),
(490, 1, 'eL4hRtzu10NpeZPnvM74', 0, 0),
(491, 1, '9g2kzToPKfno8CLArDvx', 0, 0),
(492, 1, 'JgvDvdhqgSohTCnx7MVk', 0, 0),
(493, 1, '4HgixhIGu0rMrWaxkFC6', 0, 0),
(494, 1, 'RUjpKGfh5XPavHiKuMh4', 0, 0),
(495, 1, 'Tf77k1XbeHLsxteP6TQC', 0, 0),
(496, 1, 'bWstJO3rVd6X61YYQKhj', 0, 0),
(497, 1, 'l57tuyZfSCQ34k373ECq', 0, 0),
(498, 1, 'cXsuvN7RGEJmjgzupu12', 0, 0),
(499, 1, 'sKwziXS11Ot4SnijzKml', 0, 0),
(500, 1, 'Y0eDvbh3wfPMieFS5OrE', 0, 0),
(501, 1, 'tUd23lvGURQbvaIRpbjo', 0, 0),
(502, 1, '7JAPO1enoFdtPVu8gUDa', 0, 0),
(503, 1, 'mcXkTPIT2Hy3X1YHlOvF', 0, 0),
(504, 1, 'vXPab2kjpECoPkwYFYMY', 0, 0),
(505, 1, '0J9xmDqjtux212YimzIy', 0, 0),
(506, 1, 'Zn8UjUfSYNA8yVEGw3OC', 0, 0),
(507, 1, 'JugKXRCKmyJpyKk8mBAZ', 0, 0),
(508, 1, '1imWwBJHJDbdLehj1swx', 0, 0),
(509, 1, 'Hi8R4CZ9OOeFVnYOVowh', 0, 0),
(510, 1, 'HFsbKIgXqT4v9ZLmY6mx', 0, 0),
(511, 1, 'FZgiDppsy2VbKOPJUG9k', 0, 0),
(512, 1, 'x59yZ4YG2HYogRRzfjQQ', 0, 0),
(513, 1, 'oh8ql0fTwzK4agDeQ7V7', 0, 0),
(514, 1, 'Wu11rsTVMMLrqvlVCuIw', 0, 0),
(515, 1, 'qNUl5jcAxOaeRBlsZ51w', 0, 0),
(516, 1, '8xJGy8PiTw37fWfjjt4x', 0, 0),
(517, 1, 'b9m7DoP0PrfdmDVQvzw8', 0, 0),
(518, 1, 'vNQmk3KhdHrukYLO04MP', 0, 0),
(519, 1, 'Eu9NgMwSm29rZVh5y36z', 0, 0),
(520, 1, 'aAA64fAs81YffK8S0sk3', 0, 0),
(521, 1, '0Jw5SUeER9T6hHGCRR71', 0, 0),
(522, 1, 'yArjwzIdoNwdS1Rkio4J', 0, 0),
(523, 1, '87ujTLF5yCybTlaMcJV0', 0, 0),
(524, 1, '8Hnt85P6oYBeCmspHE5I', 0, 0),
(525, 1, 'URmz8z4kdQUbziPswxUo', 0, 0),
(526, 1, 'k1RWu5hzaU6qkyblbOGR', 0, 0),
(527, 1, 'hTV8MnGYh1WuhIhbCqu1', 0, 0),
(528, 1, 'thyBPYCk7CxWjhSvJs1K', 0, 0),
(529, 1, 'RPq300GzCn8XquztW9Wq', 0, 0),
(530, 1, 'jygygFQqNDlJnYfEMvkH', 0, 0),
(531, 1, 'bxzRlJ3f4ICbNvw9Fagd', 0, 0),
(532, 1, 'z26IMXTgERfXFyXWDtxi', 0, 0),
(533, 1, 'SSnLxaHVNaqoSaRYpEKh', 0, 0),
(534, 1, 'iJw22jeTilobqy8mApU8', 0, 0),
(535, 1, 'PX8B4gccvFNBPnNDUxJF', 0, 0),
(536, 1, 'clNJzKH4Ne6prXwVO0jj', 0, 0),
(537, 1, 'FjTxUfgk8P5SA5WxguPV', 0, 0),
(538, 1, 'uG1nmvWexriIsdBdGmEG', 0, 0),
(539, 1, 'U0vGcb6PqqeVMSQipZOt', 0, 0),
(540, 1, '7ijNGQKdaJXGn42a5mHf', 0, 0),
(541, 1, 'kpafH24sBbhGh5OQAqW7', 0, 0),
(542, 1, 'ykzQf4QqiTa2Jry9iCY4', 0, 0),
(543, 1, 'sfzG8vzKCJyCjQqo9JRP', 0, 0),
(544, 1, '86eLl6QhT7ezHxsI5PIo', 0, 0),
(545, 1, '6KeSdqROUacinKfhz5Uh', 0, 0),
(546, 1, 'QyVVczkmFkEGNPlREznS', 0, 0),
(547, 1, '6W12mWYbTt2RceC7XzwF', 0, 0),
(548, 1, 'kD1GnCAQpgrgPkt05vIY', 0, 0),
(549, 1, 'GXwtfexMXjEikd72sRkd', 0, 0),
(550, 1, 'I7ksjZVOeccGx06T3RNY', 0, 0),
(551, 1, 'AWP2i2Nt7eIyBxobp5sJ', 0, 0),
(552, 1, 'N5nvX1CXpBafMQ9PgsWL', 0, 0),
(553, 1, 'LsX1W2hkvH7HozxPJT1U', 0, 0),
(554, 1, '3VuPqd0FzPxojsiJDFY9', 0, 0),
(555, 1, 'j2OxqDlslrlQv1N20ML0', 0, 0),
(556, 1, 'ktXwqcrXBOcMuVi4N3c7', 0, 0),
(557, 1, 'YINgYDTz6wJrGBk2gIe9', 0, 0),
(558, 1, 'NF7Acrqo369jVhPQ8u9j', 0, 0),
(559, 1, 'OsBAvhLBZOMDXH4VISIF', 0, 0),
(560, 1, 'kdjwcSfdX0J3gFjxkVH8', 0, 0),
(561, 1, 'oerDnU08eJ3AWPA5f77O', 0, 0),
(562, 1, 'N27q3lBmgBYLXYOHEKWS', 0, 0),
(563, 1, 'mV1MkxrqD3ab7fiw4n7Y', 0, 0),
(564, 1, 'lPnuZCaXDIU8ca8asd9e', 0, 0),
(565, 1, 'X8VOXkPRLbUwJ6Q01foM', 0, 0),
(566, 1, 'pBRiPFvkhrmZU82AwdTq', 0, 0),
(567, 1, 'NCq8D7d3ZazGAxSG5Fr4', 0, 0),
(568, 1, 'n4E71zzohge7c5xmEhfc', 0, 0),
(569, 1, '0eBXxp7jAfRZi3xKUVDN', 0, 0),
(570, 1, 'uC0vXcuQPb09IFFmrh73', 0, 0),
(571, 1, 'HUJG9nOZNMKsAJwSp84B', 0, 0),
(572, 1, '2SlSgsjBoK2vamLfi9FJ', 0, 0),
(573, 1, 'IjGxCSbnAjrDn70TXBom', 0, 0),
(574, 1, '7pY0fBmsmwjSeb2P8Obn', 0, 0),
(575, 1, 'RCc17IJFhPrPN8sCURjv', 0, 0),
(576, 1, '3dHHqeN3CguPuoekEOMM', 0, 0),
(577, 1, '2anm9eIEewJASd5x5ujT', 0, 0),
(578, 1, 'dxBbxD30Fbbap8u0ObNX', 0, 0),
(579, 1, 'ggCu53MV2D9S77ksrNUa', 0, 0),
(580, 1, 'vOnE96CIjrkTB8KnViSX', 0, 0),
(581, 1, 'ZcYaAah0rHKbjotMZxXm', 0, 0),
(582, 1, 'MLG7gxprbXXIUuVibZOW', 0, 0),
(583, 1, 'wHwUsPzAxVBqyxv6pMog', 0, 0),
(584, 1, 'I8qil2YA9bi6mCWq2ySy', 0, 0),
(585, 1, 'ipRmmuz4K7s8fglQsdnH', 0, 0),
(586, 1, 'b8DMyOBUxRIdE5jZbyZm', 0, 0),
(587, 1, 'GVD8x69NB4OrnjpiPqkN', 0, 0),
(588, 1, 'KzphZCNBx22vqjfzJqfR', 0, 0),
(589, 1, 'f5sVtnckuevfyzAVA66c', 0, 0),
(590, 1, 'IayboVkKUfzreskrG7r2', 0, 0),
(591, 1, 'l6mizx6lZAwSwp8pLtNU', 0, 0),
(592, 1, 'fn2OgAAz8tyGYwJlTehk', 0, 0),
(593, 1, '56tGInuwXmEFv51A6fUc', 0, 0),
(594, 1, 'fm9H4Kyl2eecl3rWEODi', 0, 0),
(595, 1, 'a61PBtZAx32ew0YPQ4x8', 0, 0),
(596, 1, 'o7LIDEtzIVVn4Or0TutK', 0, 0),
(597, 1, 'Xd6ZvyGY8eBEslooPo0T', 0, 0),
(598, 1, '6HQy70s7TM9lGPcwQuiZ', 0, 0),
(599, 1, 'VGAcjthOEFkcx8o5kkfg', 0, 0),
(600, 1, 'wTGBd3u9uCifF9Up36Cv', 0, 0),
(601, 1, 'Y4qf5V4KIB0jtRiY7DeN', 0, 0),
(602, 1, 'VR39yFeAmkteW4LvjRdb', 0, 0),
(603, 1, 'H8nrxDr9ZMGGv2iMhKIo', 0, 0),
(604, 1, 'fLF9gALkzWZetgItqj2a', 0, 0),
(605, 1, '73W7Eqlkijis5pq2sqXb', 0, 0),
(606, 1, 'EXOpxvmU5UHpvO7Dau7S', 0, 0),
(607, 1, 'xOOAmHqJnCGvBjua3VrV', 0, 0),
(608, 1, '68m1YcPrsWik2wcDKs7n', 0, 0),
(609, 1, 'jFeiNEVWUteb7yzo5u16', 0, 0),
(610, 1, 'rd1nhtRFU8RZl0DJMlZ5', 0, 0),
(611, 1, 'X4wdXaI83NyZ9nRpgBe7', 0, 0),
(612, 1, 'mJkiJCaPizcPwBvBe6la', 0, 0),
(613, 1, 'XCagl01rUlOvZx5KhSre', 0, 0),
(614, 1, '0LWPGYby4oDU6SlKMMno', 0, 0),
(615, 1, 'DvZGaUAWIQbHsM3tAmhB', 0, 0),
(616, 1, '2Pw7JKVPt2zAnqsqI9BM', 0, 0),
(617, 1, 'nVvC0x3DiJAGmlWxi2Rr', 0, 0),
(618, 1, 'ygK1CQmWtnq5iPLYopKu', 0, 0),
(619, 1, 'kjxWRKrAR5bgL93jsuoV', 0, 0),
(620, 1, 'WkMUKZ2ABP8xCQDcB7Pi', 0, 0),
(621, 1, '0ubAjFbnaqTUoDEWe24e', 0, 0),
(622, 1, '4EIRckX3fxHLbciEDq07', 0, 0),
(623, 1, '10pvXhUDVERQI8W9nUsI', 0, 0),
(624, 1, 'LLjIxbi6FPJJOYQc5aqw', 0, 0),
(625, 1, '9lhLSyixOySX4YXOxQOE', 0, 0),
(626, 1, 'm3BhcWo2yFY02uCzmCIA', 0, 0),
(627, 1, '7wVEqV3iyDFoyaeGzzmF', 0, 0),
(628, 1, 'BAkn3WjEwsl0ehLDKxgL', 0, 0),
(629, 1, 'ZCRhfVBjH7otjVh2knnm', 0, 0),
(630, 1, 'tZmmNaZCyFQ3KqXRxmPa', 0, 0),
(631, 1, 'kgLLoxDA1Pflsdj6emgb', 0, 0),
(632, 1, 'McC8dffWS2pymgT70aMk', 0, 0),
(633, 1, '4SnAUNCjdMzGTIXo4ph7', 0, 0),
(634, 1, 'lwlRtdJuhH9lDMGgNqa4', 0, 0),
(635, 1, 'hyY2o8YAxd8WDTxBAv3D', 0, 0),
(636, 1, 'xd5VKAFPLJSd3qseqlYg', 0, 0),
(637, 1, 'h5KiNtdANcWnKxOr0jD8', 0, 0),
(638, 1, 'sDzEHvKm7aZG4jfXV9T7', 0, 0),
(639, 1, 'yGLShleqV5kqEV4WMGEd', 0, 0),
(640, 1, 'BPvVgZtfp1a7FXrTWVep', 0, 0),
(641, 1, 'lHcyb2Tpe9NIYRlWkOIV', 0, 0),
(642, 1, 'hoAnFT6y3fDAzlFWEwYs', 0, 0),
(643, 1, 'Zt6KLCADbMy1rTAy5901', 0, 0),
(644, 4, 'OXhO2OVnfCVDcx22MarK', 0, 1),
(645, 1, 'yU8VQunwIOo2FyXLjhU9', 0, 0),
(646, 1, 'cgsqDOxud2JpJZtA8SLF', 0, 0),
(647, 1, '9nYubbfi0swrIyLu5oyX', 0, 0),
(648, 1, 'ZRpbyYjOPORaOv8gs1Sw', 0, 0),
(649, 1, 'oazsximZGTBTFEcQn9UH', 0, 0),
(650, 1, 'mlz3B9ePbEnauVF0Vm6Z', 0, 0),
(651, 1, 't6TfC4oyYszw16tuaW2Z', 0, 0),
(652, 1, 'Pd36Xjn2fRJltC7NR6oG', 0, 0),
(653, 1, 'mrhhULLf8ykzoomTbeDy', 0, 0),
(654, 1, '3ENArsgoecWCj3djGOMg', 0, 0),
(655, 1, 'wELksUM2ozC0u9RwCVWG', 0, 0),
(656, 1, 'kRi4wl7wLnDbCrHmYLxi', 0, 0),
(657, 1, 'WinFkk1mrRzMF18ycHmB', 0, 0),
(658, 1, 'u4SujlsWEZ0cPwB5R6S4', 0, 0),
(660, 1, 'b8rVj727MAlnMPAnMgOg', 0, 0),
(661, 1, 'YvmPkmjQJVCWzT3KJEaj', 0, 0),
(662, 1, 'gQtUyA5lF4S1lmboHcw4', 0, 0),
(663, 1, 'cEzRrKgBiTbS06L8rW8B', 0, 0),
(664, 1, 'WgzVDLP1yhQtrrJrXkV0', 0, 0),
(665, 1, 'T8qf49plecbsRNCIMB0f', 0, 0),
(666, 1, 'i4lTmWehpNSsFtMitWdh', 0, 0),
(667, 1, '3nScmJaejJRyPZA9QCKc', 0, 0),
(668, 1, '34wwMHLga7g3tpEtpyUf', 0, 0),
(669, 1, '77D0msXgswmKYfKXnqlG', 0, 0),
(670, 1, 'v8X02e0jA6SeBxTmNBcK', 0, 0),
(671, 1, 'NzR1Jebq8l3IFY4jvhpy', 0, 0),
(672, 1, 'YLslvN0kbm2ZbXgyEOja', 0, 0),
(673, 1, 'qlECeeY6V8IqLps9t0JQ', 0, 0),
(674, 1, 'Hnh8yqrHyezLnAQ9nVZK', 0, 0),
(675, 1, 'kfEpggdOIhkBife1h3SC', 0, 0),
(676, 1, 'uQmfpvoEFwqGHuOScunw', 0, 0),
(677, 1, 'NzMSB73M50EN6KEHXdHZ', 0, 0),
(678, 1, 'fFBoPfwuHRngem46wwAZ', 0, 0),
(679, 1, 'u4vltxNjKKM2Enru4PNY', 0, 0),
(680, 1, '178c94QpjRDYbmLgEanl', 0, 0),
(681, 1, 'nwuZc6aqayU2O3THR04C', 0, 0),
(682, 1, 'bzYFpDpYC2RAoa0BeAwv', 0, 0),
(683, 1, '4wKXqTvLVZIwAhZqcQvY', 0, 0),
(684, 1, '808LcPil2hDJWH9FW2GW', 0, 0),
(685, 1, 'kbjesISwURXD9QVmmiEM', 0, 0),
(686, 1, 'pZiBt1hhUDPKcrYtFzJ4', 0, 0),
(687, 1, '1IRLX62Nt4VcOfnrqzVq', 0, 0),
(688, 1, 'VXL0p0YrjNaessxerE6y', 0, 0),
(689, 1, 'XYAi8EwFAIIhR5g0lK2z', 0, 0),
(690, 1, 'gR0gAcKBwByBuLFneax1', 0, 0),
(691, 1, 'hkifBwJ6k6mKU4198qEK', 0, 0),
(692, 1, 'Ea2bl6yG0tVdyHXgzHJK', 0, 0),
(693, 1, '578md4VKlZLSyzMUJ4LV', 0, 0),
(694, 1, 'TlQJKSyfTMYBYfJX3O26', 0, 0),
(695, 1, 'lpv2BiLaHhicVw2Pjl3I', 0, 0),
(696, 1, 'B1FyHvn8WtBIqTzWXzvT', 0, 0),
(697, 1, 'dtZSXfQg7DBZB8cPiVmN', 0, 0),
(698, 1, 'Hscuz3bfVPNZVAsYYBdx', 0, 0),
(699, 1, 'WNmyRjD26rQdNbpuZ67s', 0, 0),
(700, 1, 'oIvPySKGqrEFti42LRs2', 0, 0),
(701, 1, '7E8YV1RjB5H3ih6Hes29', 0, 0),
(702, 1, '4aQdYUBP0lJHExCVAtYm', 0, 0),
(703, 1, '5XxxMmCMBTMFPv5rliA2', 0, 0),
(704, 1, 'rOAnWeMHpbEhpL56in4T', 0, 0),
(705, 1, '3IR9j7hzzGPF7DFmJyNC', 0, 0),
(706, 1, '7viS3yemoeqCSARl2m0K', 0, 0),
(707, 1, '7lpIxWNgT9gcaMGHh3Mw', 0, 0),
(708, 1, 'GeruR7112Nj3lbgPiBNG', 0, 0),
(709, 1, 'WLw6OzRGmXRSUPMIkGBh', 0, 0),
(710, 1, 'gFDMcfaGAkp9lNoLe3I2', 0, 0),
(711, 1, 'yq5pdhb46tjjxglv17Qz', 0, 0),
(712, 1, 'SN7EEtyR5lglcxA7S3b2', 0, 0),
(713, 1, 'FuzeITcCcscm1xilDeXo', 0, 0),
(714, 1, 'a2tUIkf1yY4iWaLdQhw8', 0, 0),
(715, 1, 'uDB1b6OZDZQ8x9baS907', 0, 0),
(716, 1, '4YfANlp49mRIgtAKxG4j', 0, 0),
(717, 1, 'wOcfAULn7JSaCrgOQGWq', 0, 0),
(718, 1, '5ZGN4ursU0Tsn5rs3vUL', 0, 0),
(719, 1, 'knWYv4JtmpCTMTg53s7B', 0, 0),
(720, 1, 'xpOIXKcaMamWAgr1ieKf', 0, 0),
(721, 1, 'AnacqiAT3miJKl22Bdg1', 0, 0),
(722, 1, 'syo18XFN5MqUdVfSKC8q', 0, 0),
(723, 1, '1lqrDNwbnsVPXtFJEQbf', 0, 0),
(724, 1, 'aTfNjZwy1GFytzwxCYDb', 0, 0),
(725, 1, 'rDniWPKqQfIxq04942ES', 0, 0),
(726, 1, 'uBqEFebMOrxw4sOzMkxo', 0, 0),
(727, 1, 'UrFnBM4cNa40MkTQfTGS', 0, 0),
(728, 1, '7gWJGVl9Kcl0lRgExJi0', 0, 0),
(729, 1, 'UPcnCwnBPQ4dvbZ26Wxt', 0, 0),
(730, 1, 'wmft4iiWJZzcUrRQsip3', 0, 0),
(731, 1, 'uuS8GaxWldSR2ApjAF45', 0, 0),
(732, 1, 'llEluO3KHuoErQyK1Rj9', 0, 0),
(733, 1, 'tOUe5MpX4u2LkCT2Wt6f', 0, 0),
(734, 1, 'u46L4DkxGonFNkZxuMnS', 0, 0),
(735, 1, 'nUFGyIFfkXNQtl8QBBt8', 0, 0),
(736, 1, 'RqME3pUHJErygu2HHq3J', 0, 0),
(737, 1, 'GeoeUPJVkIZXdyZNN1Aq', 0, 0),
(738, 1, 'lW2pVEfB6OnGznHm2mgT', 0, 0),
(739, 1, 'X7kwa3dsXV4MaZyvnQHc', 0, 0),
(740, 1, 'jO63CnQAL4IHlK6xTulZ', 0, 0),
(741, 1, 'eB2EJH1uGxvkdPzYhYLh', 0, 0),
(742, 1, 'afzJDtizCdbw17DVHXiu', 0, 0),
(743, 1, 'rntalOPJER4xbZwiIVLP', 0, 0),
(744, 1, 'oyMPdviICKra5KsIEuzW', 0, 0),
(745, 1, 'Xbfd5Fh5AobNmRe0KzuO', 0, 0),
(746, 1, 'ALQ4VunkalkvHMMPlMkZ', 0, 0),
(747, 1, 'sO4fRPBiUk0lsgT9P5lT', 0, 0),
(748, 1, 'HTDYPpOHXgfjXrwxboKz', 0, 0),
(749, 1, 'r5wa60Uw07xmuRtUpfjR', 0, 0),
(750, 1, '5IasofDqEjMXIRdMVo27', 0, 0),
(751, 1, '7QPHEIGImXcUA2uubV6b', 0, 0),
(752, 1, 'eXumUZqjJ8VmpJsB9DZD', 0, 0),
(753, 1, 'HbZxgepVy6KSNFXZHevm', 0, 0),
(754, 1, 'QMtaqnmN7GxR8xXYci5d', 0, 0),
(755, 1, 'wNUbPnSXlSY9LEFQlyVE', 0, 0),
(756, 1, 'LUcEgytqyRd5REodUhtV', 0, 0),
(757, 1, 'o6m5gEwGmYC6u3g42lwN', 0, 0),
(758, 1, 'OP11aXPVXHygwyieHsCz', 0, 0),
(759, 1, 'PTEtLPXGQJEoVzjlkN3K', 0, 0),
(760, 1, 'ZfOjaKeSE5gEUn8tVdxH', 0, 0),
(761, 1, '9FHazlmdDlHGkgtW6bTN', 0, 0),
(762, 1, 'XHECkU0fcpD12hNMO8bS', 0, 0),
(763, 1, 'Z319xE1WVZq68GVYCOKo', 0, 0),
(764, 1, 'lYCHNhLLVjSUd9cYCprj', 0, 0),
(765, 1, 'CaPMb24GM5nUmVuLqEB7', 0, 0),
(766, 1, 'UQsjjCgbAxK4cJ6P7L4M', 0, 0),
(767, 1, 'OJSNgfddVokRMLU6iscL', 0, 0),
(768, 1, 'q3UcDFgfVRYgJLf42WP1', 0, 0),
(769, 1, 'jwUYw3fg8F1I8WXHXYi3', 0, 0),
(770, 1, 'BlJ6wavIG1jdz0ns8JrN', 0, 0),
(771, 1, 'RgH3IcSz9Ecd9cnkbWCJ', 0, 0),
(772, 1, 'dtFMHSJkDLwHsdgKaPGP', 0, 0),
(773, 1, 'dHYLAqTVI5C7BiUII7Wz', 0, 0),
(774, 1, 'ZbtZWyHQvQlsa8DHS2hT', 0, 0),
(775, 1, '8CuTSu02AK2aeYiEih0i', 0, 0),
(776, 1, 'IeTsZWaZ40xfqwf214ZJ', 0, 0),
(777, 1, 'lK0am80Gwmc7NZjQG8zF', 0, 0),
(778, 1, '7mGXANRy30QNY7QwlGz5', 0, 0),
(779, 1, 'CPgkL8BAfGQI26H3Crmr', 0, 0),
(780, 1, 'WlAeuRzgdB2SAFcUBDMI', 0, 0),
(781, 1, 'HC09QcAxxtKII2c3RYan', 0, 0),
(782, 1, 'XTm2rS0RjwPe0V2WwGln', 0, 0),
(783, 1, 'kSZmm6Gf7tDRzyyzatHc', 0, 0),
(784, 1, 'TMK6cBW75xZBZE7nTy2O', 0, 0),
(785, 1, 'glYI3BDtLqfUlqxmhFIF', 0, 0),
(786, 1, 'vLvcwN7MhngKgAbXq1AL', 0, 0),
(787, 1, 'fLGZGqdZd6nBOmTaWkZx', 0, 0),
(788, 1, 'yzn39dhzFOpqBu0rTOLZ', 0, 0),
(789, 1, '2UUTZl9veeJGH9mKUcfy', 0, 0),
(790, 1, 'MY7sPzbhZAbmJ5jz2Hie', 0, 0),
(791, 1, 'ovmcJ6dOxz5VMwHRV2ft', 0, 0),
(792, 1, 'WIt7iEACYqjkq9R6CqXg', 0, 0),
(793, 1, '2jOFDr9ETSb3MeEfKAK2', 0, 0),
(794, 1, 'MxcNlbemo7y4qrpMnJtO', 0, 0),
(795, 1, 'K501u7HK4TMQs1YE8Au0', 0, 0),
(796, 1, '2c2gGVSg0oGltGGl4nCC', 0, 0),
(797, 1, 'gzG10SBSNmB1zDpPONd7', 0, 0),
(798, 1, 'urKf4Df3x0pSkDszr67t', 0, 0),
(799, 1, 'kwBqXtDLO3qmRRHxyYG8', 0, 0),
(800, 1, 'R15vh37uKHvrK2tbeFK5', 0, 0),
(801, 1, 'HFwY6ExcTHZA4pCv5SEN', 0, 0),
(802, 1, 'VGMM1WekneJMsFuXdOee', 0, 0),
(803, 1, '7Mbqaa3TN33tY2UvcdRQ', 0, 0),
(804, 1, 'pbAQ52kkcmODeffC7ilD', 0, 0),
(805, 1, 'mBkwULVBeSlKjvjhBM33', 0, 0),
(806, 1, '4hgqc5bdXOwLNxuWISO4', 0, 0),
(807, 1, '9TJ04cV6YTEaOzAz3iZa', 0, 0),
(808, 1, 'FHyg7QwKolAVViYEJhph', 0, 0),
(809, 1, 'eo7EqeN7MTGufXt9jxqV', 0, 0),
(810, 1, 'Wcd9B46GfJLRmgswVhS1', 0, 0),
(811, 1, 'nRecIAhpoActnrJK8e64', 0, 0),
(812, 1, 'Ey0NnvFLhGPjRcGh3BW1', 0, 0),
(813, 1, 'k1RoF28IxKYQUK76f8Ln', 0, 0),
(814, 1, 'wuEXcUZJgZu29PoHQ1o3', 0, 0),
(815, 1, 'PEIY4k6N07JmEEl0qZaz', 0, 0),
(816, 1, 'lKUpQ0NmUnxMZVlv5gXR', 0, 0),
(817, 1, 'EuzIDcVpxseMiTdapz4p', 0, 0),
(818, 1, 'P6yS2AQoZBGj9eisv6nc', 0, 0),
(819, 1, 'viam8oniRveQDdrlWBdF', 0, 0),
(820, 1, 'Lii7xmTzfpIlmvZjQhqN', 0, 0),
(821, 1, 'bOgDjGccJ0tjpmMjNRm3', 0, 0),
(822, 1, 'R4UT56FEqxlFnuaOSxQq', 0, 0),
(823, 1, 'oMAkVO8SVJHVl6ZNG4el', 0, 0),
(824, 1, 'Tb9VryWmiLm1WWAIkDnO', 0, 0),
(825, 1, 'VYU9IwW5apFqebOynZBi', 0, 0),
(826, 1, 'BnKZlssuBPt8OA0LXjLJ', 0, 0),
(827, 1, 'v7YTrzmycN8AMm0kDmdD', 0, 0),
(828, 1, 'KpsPzAYK4utMJcaIwlMW', 0, 0),
(829, 1, 'TYxgPI93NDQ9LmkTcXO7', 0, 0),
(830, 1, '413bPFeVtt4GtxOjLra9', 0, 0),
(831, 1, 'Qik2FG3kHHxRVWvYOvav', 0, 0),
(832, 1, 'jZfOUsYJzx3CKjIjrnF9', 0, 0),
(833, 1, '5P8YFeP7FIYs1RijeL0x', 0, 0),
(834, 1, 'f1OtxIXX5s9kljBsiU1F', 0, 0),
(835, 1, 'ojFNC8dcqsUINSsHcu5Y', 0, 0),
(836, 1, 'BTvTtbWjMW6zZhdu4L0r', 0, 0),
(837, 1, 'uvGge6YiKE5m0JJQuq9y', 0, 0),
(838, 1, '9m3RsCFApMG4rWlbxImg', 0, 0),
(839, 1, '9aX8hVQ9m3fao9SvOkY2', 0, 0),
(840, 1, 'Cae5gKSuIHCBr4HhquPQ', 0, 0),
(841, 1, '73d9vkAx2p9RHVEsXWha', 0, 0),
(842, 1, 'L3LkBlkNrrGUKp3wuRaX', 0, 0),
(843, 1, '8Sd4F3WdwuydHMMqE0PG', 0, 0),
(844, 1, 'lLqlgaMfmMCJ7I9Euz7l', 0, 0),
(845, 1, 'YqIDuSFTy1cX7s1aDhnm', 0, 0),
(846, 1, '64WTYVYBcsaQhJKrbmrK', 0, 0),
(847, 1, 'lqsBLxvmTMQRIK9qHwEW', 0, 0),
(848, 1, 'NI5ItpECJd4Y0czChZSV', 0, 0),
(849, 1, '2EbIdMdliudEflSYytqa', 0, 0),
(850, 1, '9rAyymz1GO6R2ToXzcaC', 0, 0),
(851, 1, 'LPEJAmyBuU55s3YxXSrM', 0, 0),
(852, 1, 'X0dbVvuzOZ0h7xXbNK6B', 0, 0),
(853, 1, 'jICoD1fSfMcV6AcSGvsy', 0, 0),
(854, 1, 'W9HjlD91SvwY0T13HnnB', 0, 0),
(855, 1, 'p3Pr7w3WjSiUVHhJr5dd', 0, 0),
(856, 1, 'QEOJzsi7C7oHrIkl1QNn', 0, 0),
(857, 1, 'OC1ENCJvqV9NG9ZR1osx', 0, 0),
(858, 1, 'qdhamKHBNyobcKCLxU3F', 0, 0),
(859, 1, 'h9XLo21mlHuk6H3198Wf', 0, 0),
(860, 1, 'rCSnse5f9zgcZJE5YiXf', 0, 0),
(861, 1, 'xnovFyHeOV4gY4eWA6q7', 0, 0),
(862, 1, 'DCl7BHdNqWKuBra35McP', 0, 0),
(863, 1, 'l44FmTtTAmDl02io42ES', 0, 0),
(864, 1, 'LWp7yRPZonBOLBWqD5Ac', 0, 0),
(865, 1, 'tYJXfP73qKXkYkX7mFmh', 0, 0),
(866, 1, 'zmR93uGzMFzTeYHXmZP5', 0, 0),
(867, 1, 'EQ8a35nv3RLXCI0SdMj5', 0, 0),
(868, 1, 'OCqXRlxjmxovKicn1eGg', 0, 0),
(869, 1, 'Dp20yr1YfqOZHW9on5g3', 0, 0),
(870, 1, 'dsQhJ88XRKQn4lcrmyUr', 0, 0),
(871, 1, 'asbgtDLdKcRaXKbrzmXU', 0, 0),
(872, 1, 'zCTToEee22FiXQrT7Ifp', 0, 0),
(873, 1, '0HkEzpnYiWDe9TOLAl8p', 0, 0),
(874, 1, 'ATjvCDyVE9BY8zFv4ssT', 0, 0),
(875, 1, 'UUcWBwC1EoUX17P69Myj', 0, 0),
(876, 1, '2YQU9OSKrSpanfD1WxhE', 0, 0),
(877, 1, 'BPzSkId5zjq5jbWe1rYm', 0, 0),
(878, 1, 'GFePJXWt9VPEqD6bvHtq', 0, 0),
(879, 1, 'RdbesKVUMqWlNPWRX38j', 0, 0),
(880, 1, 'eGf17OvRy3C91uOKuHNZ', 0, 0),
(881, 1, 'pNMIMnwh3vcwcOyMGnMU', 0, 0),
(882, 1, 'uMDf38jDn1wqVxvrEiY3', 0, 0),
(883, 1, '2l862kIU8jWkhTwIYaGU', 0, 0),
(884, 1, '9I8ejF6yoAidSzW3KdLp', 0, 0),
(885, 1, 'sCY8XmhzLzVyNNCqzaz3', 0, 0),
(886, 1, '0fuKB9DoktGiEiSjwdVM', 0, 0),
(887, 1, 'ql3zkfYZH1UUvizFd7c5', 0, 0),
(888, 1, 'N6txImERWsrnXu3XI4cW', 0, 0),
(889, 1, 'Hh79RHwWGsDa779aEMjM', 0, 0),
(890, 1, 'f3Pmn1VJZgjfATdL6vmB', 0, 0),
(891, 1, '2aWDkvHatBQ5q26HFVFS', 0, 0),
(892, 1, '8QiWlTbKdF3Dgg7sqg7y', 0, 0),
(893, 1, 'aMfLuoeqPcioaM90Yg16', 0, 0),
(894, 1, 'ddD3mJbFnppiKkwOp7fw', 0, 0),
(895, 1, 'RQNh46Trt0KQ575Pkz7f', 0, 0),
(896, 1, 'dUAqbgGede8ZMSayPOvg', 0, 0),
(897, 1, 'R7lXPppZbMWcVNDWvzI2', 0, 0),
(898, 1, 'THUQzhqcuSYs7COrr5Cw', 0, 0),
(899, 1, 'UmCxv3yOHgCcryx3e3xd', 0, 0),
(900, 1, '0kl1fu9jV7GrvkbfYHl4', 0, 0),
(901, 1, 'LjoLSM3ELcxBp9zXfJmy', 0, 0),
(902, 1, 'ixEIZFCkiH1HIK3GborD', 0, 0),
(903, 1, 'bJqnFlGh8msaxktnlnVM', 0, 0),
(904, 1, 'w5zHxyAYmnIYtDawPVFX', 0, 0),
(905, 1, 'Tlq9Evapzt7BBQZ4eJZE', 0, 0),
(906, 1, 'pJQHDUN2QSw1wIgvE2KP', 0, 0),
(907, 1, 'FWbOyZhPNigHlsRNFyiV', 0, 0),
(908, 1, 'Kcgt2tZfvXcBDM7oovsX', 0, 0),
(909, 1, 'eeq89yLgAAFcwTRhpAAm', 0, 0),
(910, 1, 'ffwLuZVl6nusyxsVP2w7', 0, 0),
(911, 1, 'nZUQaYltF53QRVJidzCG', 0, 0),
(912, 1, 'GEqkKdm6nTak2L2RGpH2', 0, 0),
(913, 1, 'NXoImXOdOxbo9hdAPh8E', 0, 0),
(914, 1, 'O7FVzU2g5eWYOcBWJnLu', 0, 0),
(915, 1, 'iSCtuiTdLINA6J4UZrU1', 0, 0),
(916, 1, 'mr3iHOHyXaA9EAVVHGqd', 0, 0),
(917, 1, 'AwkSiHkfglEav02ZrOFx', 0, 0),
(918, 1, '5libRG7LMrQBhHJyl3tY', 0, 0),
(919, 1, 'rChGwXT35bvU4SRBY9aX', 0, 0),
(920, 1, 'Jz9lQg0BgNu4tgMAqhCu', 0, 0),
(921, 1, 'AVeEWNjnWZ6xz5jtiba1', 0, 0),
(922, 1, '4Tnxoi9QcYejY3PLG5Ex', 0, 0),
(923, 1, 'NcVvhYmYCvcPKn8naHpu', 0, 0),
(924, 1, 'Q3IvexifiKQ4wMBPRehR', 0, 0),
(925, 1, 'Ob60jeMBQtwvmv44mpD6', 0, 0),
(926, 1, 'MNVZ7KaxkR57SeSyJsic', 0, 0),
(927, 1, 'nCwULkj0mEQl9dSgB5BC', 0, 0),
(928, 1, 'FSKKPFxt24GaN9pF2wpj', 0, 0),
(929, 1, 'fhWXo0HVWNU4SgiKDt4M', 0, 0),
(930, 1, 'd2Ww439Ob6o00hUWvapX', 0, 0),
(931, 1, 'aT6UX1I7kFtsho5fekMk', 0, 0),
(932, 1, 'c2g4DEKjvIZnhma7Va1S', 0, 0),
(933, 1, 'UdKvc86lhYhe6mZw8ot2', 0, 0),
(934, 1, 'nDr9fc6HKFb0l9UV0eZO', 0, 0),
(935, 1, 'b0EvS4Bkwv496VLj6pUE', 0, 0),
(936, 1, 'syevFsWJGIKEYpT8w85w', 0, 0),
(937, 1, 'M0xDJAYQP0BY3O9nR8QU', 0, 0),
(938, 1, 'ezoSDb1a2Ar5USSvdD2L', 0, 0),
(939, 1, 'qXaGvsWDVcCsFNUtbk1y', 0, 0),
(940, 1, 'rpF1V75KA3Z2UiBLQsCg', 0, 0),
(941, 1, 'SDhnYoirARTkIBMlNJbm', 0, 0),
(942, 1, 'PQPHf1Ud3QagHrOG9nzN', 0, 0),
(943, 1, 'SLDtRbL2yJ9lW0wJt663', 0, 0),
(944, 1, '8BAEoCdlcJHw22gZS8C6', 0, 0),
(945, 1, 'b6ZHVy68Az9g6KSoXbuo', 0, 0),
(946, 1, '8sIC5GLSMsmxHQIrNtyV', 0, 0),
(947, 1, 'yp5QVg3wp7EPWzB5ZI89', 0, 0),
(948, 1, 'y9Ym5YjyxLS5pCUNE861', 0, 0),
(949, 1, 'IqGCC3nVM7oNcesxksM2', 0, 0),
(950, 1, '9q5C8dA8ep1UV6ANaU09', 0, 0),
(951, 1, 'rTvOIFO7tk7UEtawJa9P', 0, 0),
(952, 1, 'G2OaZamlB8wKZ2vc7u23', 0, 0),
(953, 1, 'tAk80T7OcvAU13uMVA1h', 0, 0),
(954, 1, 'TJUIozoYoH9mmcqKfGWt', 0, 0),
(955, 1, 'yeUner2NKoyz4Ib4Gt87', 0, 0),
(956, 1, 'xg837coKnQDvMj5cjcsa', 0, 0),
(957, 1, 'rAXf84kNQKLDzdZ7Kze6', 0, 0),
(958, 1, 'modUSM9phkKV18ei3NkT', 0, 0),
(959, 1, 'TpgwsxJzfjXQejFHRC5Z', 0, 0),
(960, 1, 'VViYEJhpheo7EqeN7MTG', 0, 0),
(961, 1, 'ufXt9jxqVWcd9B46GfJL', 0, 0),
(962, 1, 'RmgswVhS1nRecIAhpoAc', 0, 0),
(963, 1, 'tnrJK8e64Ey0NnvFLhGP', 0, 0),
(964, 1, 'jRcGh3BW1k1RoF28IxKY', 0, 0),
(965, 1, 'QUK76f8LnwuEXcUZJgZu', 0, 0),
(966, 1, '29PoHQ1o3PEIY4k6N07J', 0, 0),
(967, 1, 'mEEl0qZazlKUpQ0NmUnx', 0, 0),
(968, 1, 'MZVlv5gXREuzIDcVpxse', 0, 0),
(969, 1, 'MiTdapz4pP6yS2AQoZBG', 0, 0),
(970, 1, 'j9eisv6ncviam8oniRve', 0, 0),
(971, 1, 'QDdrlWBdFLii7xmTzfpI', 0, 0),
(972, 1, 'lmvZjQhqNbOgDjGccJ0t', 0, 0),
(973, 1, 'jpmMjNRm3R4UT56FEqxl', 0, 0),
(974, 1, 'FnuaOSxQqoMAkVO8SVJH', 0, 0),
(975, 1, 'Vl6ZNG4elTb9VryWmiLm', 0, 0),
(976, 1, '1WWAIkDnOVYU9IwW5apF', 0, 0),
(977, 1, 'qebOynZBiBnKZlssuBPt', 0, 0),
(978, 1, '8OA0LXjLJv7YTrzmycN8', 0, 0),
(979, 1, 'AMm0kDmdDKpsPzAYK4ut', 0, 0),
(980, 1, 'MJcaIwlMWTYxgPI93NDQ', 0, 0),
(981, 1, '9LmkTcXO7413bPFeVtt4', 0, 0),
(982, 1, 'GtxOjLra9Qik2FG3kHHx', 0, 0),
(983, 1, 'RVWvYOvavjZfOUsYJzx3', 0, 0),
(984, 1, 'CKjIjrnF95P8YFeP7FIY', 0, 0),
(985, 1, 's1RijeL0xf1OtxIXX5s9', 0, 0),
(986, 1, 'kljBsiU1FojFNC8dcqsU', 0, 0),
(987, 1, 'INSsHcu5YBTvTtbWjMW6', 0, 0),
(988, 1, 'zZhdu4L0ruvGge6YiKE5', 0, 0),
(989, 1, 'm0JJQuq9y9m3RsCFApMG', 0, 0),
(990, 1, '4rWlbxImg9aX8hVQ9m3f', 0, 0),
(991, 1, 'ao9SvOkY2Cae5gKSuIHC', 0, 0),
(992, 1, 'Br4HhquPQ73d9vkAx2p9', 0, 0),
(993, 1, 'RHVEsXWhaL3LkBlkNrrG', 0, 0),
(994, 1, 'LBfnTsGZTDXd7AbgnhXR', 0, 0),
(995, 1, '2cldWiY3q3UAlqLy1UC9', 0, 0),
(996, 1, 'kr46AudDE3EtRAtO32gn', 0, 0),
(997, 1, 'AU7pi9DBwdVb77ySqhCT', 0, 0),
(998, 1, '7QV3s4oJRUemNqDNeekn', 0, 0),
(999, 1, 'DqyXYB0RIPTWPJYyMnqw', 0, 0),
(1000, 1, 'xnZcAPSrSjOzTV1rAgco', 0, 0),
(1001, 1, 'rqAhpZTqY4kH6eDqfB0s', 0, 0),
(1002, 1, 'pLb81Nmi4jhi2n9ZRCGG', 0, 0),
(1003, 1, '276fwt91NL0QNAp412zx', 0, 0),
(1004, 1, 'rIeAvIA4cDmjZyLaP4xZ', 0, 0),
(1005, 1, 'chSC4MwoUFF9Gw3fRrTw', 0, 0),
(1006, 1, 'p1TjOmit03NlubDLdmv5', 0, 0),
(1007, 1, 'FED8NGLh5w5luMkHvxH9', 0, 0),
(1008, 1, '3pW4Esfhfim9i1tvNdkG', 0, 0),
(1009, 1, 'bZ8ysVCr46YcZ8XaH7Ka', 0, 0),
(1010, 1, '8C5AOLceE8MtaP48iqMz', 0, 0),
(1011, 1, 'v28CNeQDB87rUkHpbTNl', 0, 0),
(1012, 1, 'UKp3wuRaX8Sd4F3Wdwuy', 0, 0),
(1013, 1, 'dHMMqE0PGlLqlgaMfmMC', 0, 0),
(1014, 1, 'iHJX2PXhxEVA7DI5DJUw', 0, 0),
(1015, 1, 'pqB5iFpvEWo0jdajCYPC', 0, 0),
(1016, 1, 'p9YF1eFEkbxjFuFRQ6D1', 0, 0),
(1017, 1, 'fux0HCZxyY5PDvoCjH05', 0, 0),
(1018, 1, 'pwyZhq5wMoepdT4TtTcE', 0, 0),
(1019, 1, 'RRHVfKbrY3JpSJWxifT3', 0, 0),
(1020, 1, '4zdGzbYDC2LDyCHTfSl8', 0, 0),
(1021, 1, '0hOAHOHXFW5sKDzPilfg', 0, 0),
(1022, 1, '84IuCf4JBRTIpnhEUMPf', 0, 0),
(1023, 1, 'qwDJNyiPooUL1X2e4KOs', 0, 0),
(1024, 1, 'lJOacm7AuClqyXzTempJ', 0, 0),
(1025, 1, 'RiV8iJJPS8V3st6vmdko', 0, 0),
(1026, 1, 'rket3hSV12SuH5knWnOj', 0, 0),
(1027, 1, '4oqwW5LHTWV5MUuoVtzP', 0, 0),
(1028, 1, 'cBJ8VK6vXUgGDwiRNzOM', 0, 0),
(1029, 1, 'NxSEum7bbxCBK1YEwigv', 0, 0),
(1030, 1, 'li5Uzwx42WdJ50d5zH8R', 0, 0),
(1031, 1, 'Ou3gFkz2uHMn7zh1Tpaa', 0, 0),
(1032, 1, 'Eb1yKmWo1UwoOjRNYvyi', 0, 0),
(1033, 1, 'QZG8gIR0Aa98DibgMA1A', 0, 0),
(1034, 1, 'QZhPc02cEyUrz9XKMKNR', 0, 0),
(1035, 1, 'ENwY0iIPbGuD3Xq7WzBt', 0, 0),
(1036, 1, 'HuDsFcCfFD7A5jgHJ9Dh', 0, 0),
(1037, 1, 'YFkzDNVh40xD7iJl86DC', 0, 0),
(1038, 1, 'WpPcUGoiQTVC8wxoAvOk', 0, 0),
(1039, 1, 'zkQFVYd6YT2SA3TG5WTL', 0, 0),
(1040, 1, 'lwBOFf84V54fswwz6w4K', 0, 0),
(1041, 1, 'cyOZBAl2E4L6c0DTzQ6D', 0, 0),
(1042, 1, 'DyI3HBAlEXigN5YZ0Yah', 0, 0),
(1043, 1, 'B50jrn3QRjr4ISIIkx10', 0, 0),
(1044, 1, 'zgUELvuSLfmnUYCp3CQF', 0, 0),
(1045, 1, 'wF9oa56glmPxSrTU7NoC', 0, 0),
(1046, 1, 'UoWmBICn2J1nyTez0bRG', 0, 0),
(1047, 1, 'I30Wyuf3QXFfqqTeFmZe', 0, 0),
(1048, 1, 'oIyXXZHDc80ZtCzdBqY4', 0, 0),
(1049, 1, 'WZkKkjdX6RJW8AtpKYxz', 0, 0),
(1050, 1, 'MYw9B4un1e4XpUl7A5Uz', 0, 0),
(1051, 1, 'VfQxfkLJUOKnKGoc6oNp', 0, 0),
(1052, 1, 'PUyJfHKmeKZ37vl0JWrW', 0, 0),
(1053, 1, 'rxl44gF7YAujZspmtmwu', 0, 0),
(1054, 1, 'fgqpGDdlBrt0l9jDMJiV', 0, 0),
(1055, 1, 'eEx5xTDS4TGuEFfECDsz', 0, 0),
(1056, 1, 'PNTXDCE4R3jARBYKtbfg', 0, 0),
(1057, 1, '2jcmpVsKWw5Er2GNiYmn', 0, 0),
(1058, 1, 'jgH8RpMhLmdxoB67y51J', 0, 0),
(1059, 1, 'Dh4CraRukcrz9msye6YG', 0, 0),
(1060, 1, 'rqzF6LnJ46YAHUrtN9o4', 0, 0),
(1061, 1, 'JiUCmjAQZGwXuljGcN2e', 0, 0),
(1062, 1, 'Y0ik8pcbx1jwwhKyW961', 0, 0),
(1063, 1, '77s7V9pzGI3BfMZWWNjM', 0, 0),
(1064, 1, 'ELBQG7XnTRZ4CrL9IPTl', 0, 0),
(1065, 1, 'wvsRSq4q83Of8ng3dQy3', 0, 0),
(1066, 1, 'drfZvDr3ToKYKaeZUWwM', 0, 0),
(1067, 1, 'HbGAZRj87swCVUSMKHvP', 0, 0),
(1068, 1, 'rOYulHoYill0EcVOeeJ5', 0, 0),
(1069, 1, 'pVR30fTsnEWum7ATj7UR', 0, 0),
(1070, 1, '4Cx7X4xTQtwU4hznssh0', 0, 0),
(1071, 1, 'ntK1Fiy9FpOBdL76EPxR', 0, 0),
(1072, 1, 'PAGB6vEyix2qLaVqllUi', 0, 0),
(1073, 1, 'nz5eJM3XIsUIcAebvB7C', 0, 0),
(1074, 1, 'vubIwJuIohDitBKJCGnH', 0, 0),
(1075, 1, '9YEqWr9DizXy5kGTDbpR', 0, 0),
(1076, 1, 'O5KcXwL6Ts5iYlM12brY', 0, 0),
(1077, 1, 'sqam22zW9uJTCLeXNjal', 0, 0),
(1078, 1, 'x69MaBguxO6aZ9L3nCPR', 0, 0),
(1079, 1, '1GpNNj5B1YWtyCB9JK8P', 0, 0),
(1080, 1, 'oi9fTKJC45tEhLsAlKj7', 0, 0),
(1081, 1, 'Cv6tW1qnFKn3DFzcbe43', 0, 0),
(1082, 1, '9qtkUHTeg3UvAVClIiCu', 0, 0),
(1083, 1, 'ZD08fUm1QAMmCDRSUwHL', 0, 0),
(1084, 1, 'zeTLWdw6RrctFo06e1wJ', 0, 0),
(1085, 1, 'SOSyrICihdTafhfUEnOI', 0, 0),
(1086, 1, 'ns9kK1nXB04jhUkBEGLA', 0, 0),
(1087, 1, '2MrsidYVKpsdgmt3bw7F', 0, 0),
(1088, 1, 'kSZL4SayevhLaenBI05O', 0, 0),
(1089, 1, 'ekuAx8aFZUegrCh5eJom', 0, 0),
(1090, 1, 'bd9NFyGDwHzz47SQbMf9', 0, 0),
(1091, 1, 'baJJVeWhLsY2wOqIyKmx', 0, 0),
(1092, 1, 'GfqdiMFYciGvKiB4NJZm', 0, 0),
(1093, 1, 'F3WBeg3wNOqkfFEJTjOX', 0, 0),
(1094, 1, 'AHvKHiQi25pjXxh2jB4b', 0, 0),
(1095, 1, 'qLRYaYf7RJlQmYIR0bsn', 0, 0),
(1096, 1, 'Ekc8CTZmLOsJqzFvs9en', 0, 0),
(1097, 1, 'd0eAv7hQHWslDrmQE75x', 0, 0),
(1098, 1, 'ATd9OhQU8dAwVbwd18eH', 0, 0),
(1099, 1, 'LzPcZrUq3dxBNRlsyQpc', 0, 0),
(1100, 1, 'b8jx1daIU2yqc5zUJjOS', 0, 0),
(1101, 1, 'QbnxnGRCGhllCWqqv8c5', 0, 0),
(1102, 1, 'bOf21sHvQ37c02BlkoKF', 0, 0),
(1103, 1, 'cBEnpCTclUAkPskwdIbY', 0, 0),
(1104, 1, 'kFMpxLb2FZ0A4NkhAaKP', 0, 0),
(1105, 1, 'zAnsQYMSMQ3jc9Ptrm9B', 0, 0),
(1106, 1, 'nrDokSo48BZla7wsfnB7', 0, 0),
(1107, 1, 'IRjxqweqJQu2sME3XOOI', 0, 0),
(1108, 1, '4UAJ8x3k0ENd2JVC2L2g', 0, 0),
(1109, 1, 'obclUZ2BXDDfm5z0uOX5', 0, 0),
(1110, 1, '9NncIuVA1ScXqpixK4N1', 0, 0),
(1111, 1, 'kkOE28V8cYeHFPj4M8ir', 0, 0),
(1112, 1, 'oSJxPwKAW2Vj5TmW54E9', 0, 0),
(1113, 1, 'i1SczIDNeD298JEZCuAx', 0, 0),
(1114, 1, 'wSrudli5vSK2MVUzPulp', 0, 0),
(1115, 1, '219KftWjMlOluAkxIFB7', 0, 0),
(1116, 1, 'jyeOCIjPt8pTehEdJ5Cw', 0, 0),
(1117, 1, 'j4o1OaAsARi1u65sQn5X', 0, 0),
(1118, 1, 'uFRfNpwyAAEBdFmAwCef', 0, 0),
(1119, 1, 'QVlO2xjXrVeXT3GtJpLM', 0, 0),
(1120, 1, 'PX4yv9H1BXeVtRMsXQVm', 0, 0),
(1121, 1, 'pkLPEkSA3ioRrcRnaupl', 0, 0),
(1122, 1, '3aCttGAZg1UCKCFzNtsz', 0, 0),
(1123, 1, 'K3nPqj25cIvwTfnTRnLo', 0, 0),
(1124, 1, 'W4gLtMWckvpqOGKGNizE', 0, 0),
(1125, 1, 'BPYA6dwbBXkGZ0ZMzPAH', 0, 0),
(1126, 1, 'doJafbuowau6oNOwG31m', 0, 0),
(1127, 1, 'JogPpN5F2JC4uaqL4zCZ', 0, 0),
(1128, 1, 'DUMryE1kDLUpeIzRdtzq', 0, 0),
(1129, 1, 'Tw1j7OvfgP7s8wsD5nB1', 0, 0),
(1130, 1, 'Xlbk7UfLo2q47bNr9lWC', 0, 0),
(1131, 1, 'PXZNZ1uIZYzAFOO7nYjy', 0, 0),
(1132, 1, 'WsEAIJWrxJLQLYe1enUF', 0, 0),
(1133, 1, 'hrU1K8PN0VKcRLgYG8tj', 0, 0),
(1134, 1, 'j0YX4QQ6QCHuWNCkcldl', 0, 0),
(1135, 1, '0KyJaWee1qn4s9xWLBQ4', 0, 0),
(1136, 1, 'PJScY1Iw2rYLnrJ8P0An', 0, 0),
(1137, 1, 'KAEGYbuNPedVbJpMn7bA', 0, 0),
(1138, 1, 'fo6380iqTVkoQDibR4Ox', 0, 0),
(1139, 1, 'hKXDVBkea61wPeCegsdz', 0, 0),
(1140, 1, 'jJqhjxky8Qv8575e2lCy', 0, 0),
(1141, 1, 'kXekMWvgLLwB6pU2akJO', 0, 0),
(1142, 1, 'MvAChnzHwXhKRGO07wLc', 0, 0),
(1143, 1, 'DXdvhXLGoZvWN12YQwr2', 0, 0),
(1144, 1, 'orkPLhMzOZoZT2giPoZc', 0, 0),
(1145, 1, 'ZxEWbqRdMwGgCOKM3K70', 0, 0),
(1146, 1, 'TjpEwYHWLHBAXWbOXG3k', 0, 0),
(1147, 1, '6pjle3xCH6PkmwNcwNvt', 0, 0),
(1148, 1, '3SzRie5y6QDjNaijeaHj', 0, 0),
(1149, 1, 'KkVvbCyCUuHSJVVZ1omb', 0, 0),
(1150, 1, 'CRzaRNFaA9fT9qozozGV', 0, 0),
(1151, 1, 'E3faMRE07r0GvLTTiiqS', 0, 0),
(1152, 1, 'k1alWpevYpc5MvbjdFLT', 0, 0),
(1153, 1, 'Al23MxBv7GxtrLsF5grj', 0, 0),
(1154, 1, 'V758hPul0lfFr8riqbFZ', 0, 0),
(1155, 1, 'iW2WVn7SDZ10gHl3a1af', 0, 0),
(1156, 1, 'bT6iFNdqrH7lR4UhMSaW', 0, 0),
(1157, 1, 'xAZzYaZRp5e2JkkOgkmq', 0, 0),
(1158, 1, 'P6WAO49v1fAUP3k03vZw', 0, 0),
(1159, 1, '22FGECVceKTiBn8G7XLA', 0, 0),
(1160, 1, 'DtnJtp2jvIn43QtdXOUt', 0, 0),
(1161, 1, 'z2N3KwIFOILyCBxqwD8v', 0, 0),
(1162, 1, 'kN8uqyECDRgBic4FgxFx', 0, 0),
(1163, 1, 'Sl8pZA50VJBzxKhNb7dU', 0, 0),
(1164, 1, 'GMZCoeIaarZgkRS7Is0s', 0, 0),
(1165, 1, 'IIrv7AMXjy936A6wR9Kx', 0, 0),
(1166, 1, 'qdGS8e0IPciMRyEj4iF0', 0, 0),
(1167, 1, 'OSs5UgAhIW9N4RLmkuub', 0, 0),
(1168, 1, 'kOXZphf0pSWVG48Z5PqV', 0, 0),
(1169, 1, 'WBVV5ncITCmwbi04jTcy', 0, 0),
(1170, 1, '7lzIW8cMDfFqx84VuM1W', 0, 0),
(1171, 1, 'PDCKqFq1BmxZcGAoz5Cq', 0, 0),
(1172, 1, 'yygPvyBNf3e39veP2UdQ', 0, 0),
(1173, 1, 'fIgjETYWzUqXRJf5QQvx', 0, 0),
(1174, 1, 'ocN2QgeN11nyiWluuYJm', 0, 0),
(1175, 1, 'WBCmxNBez0MaUdKTUUBE', 0, 0),
(1176, 1, 'n1V7H2OyGWREHaaEAIkf', 0, 0),
(1177, 1, 'F2qFO74Dlplm7SPzu1Eu', 0, 0),
(1178, 1, 'gLnPPC6N0wr88Xs24TLf', 0, 0),
(1179, 1, 'aNsXeC8UDRRietgSkWpP', 0, 0),
(1180, 1, 'OcUTZKRhIxQJl3XqIfN6', 0, 0),
(1181, 1, 'aAsZy4wNd86JYKLxdpDp', 0, 0),
(1182, 1, 'J3i5UbPLAJQb5cpygw9A', 0, 0),
(1183, 1, 'sc9wwb03OWMp8s7jRb4Z', 0, 0),
(1184, 1, 'O6f8mFKZlRag58AasuBr', 0, 0),
(1185, 1, 'MmjhTJjqa4H4ql2X11ti', 0, 0),
(1186, 1, 'N4yO6XoHKFAH7Ed22STp', 0, 0),
(1187, 1, 'RPG2qsdF3fyuD9jetEz6', 0, 0),
(1188, 1, 'qIWQQOuEzTPgVs3TMrKf', 0, 0),
(1189, 1, 'tl1yQ7rwee8otEFRWQ99', 0, 0),
(1190, 1, 'sN90mXNBwjFHfjRuqWXH', 0, 0),
(1191, 1, 'mF4xUsLKpLaxJzRBblVc', 0, 0),
(1192, 1, 'D3X1pa4inEQKRZnzH8fv', 0, 0),
(1193, 1, 'gyzMmdV5nBqF7FDdWTFZ', 0, 0),
(1194, 1, 'Hf6FJb3tSG69tdlUoJnr', 0, 0),
(1195, 1, 'WJh0YaFiRuCxpHKsZf7g', 0, 0),
(1196, 1, 'q7kF4KvUM8cGSKxedw5f', 0, 0),
(1197, 1, '8YXYu2K8CcxUmpW33a1M', 0, 0),
(1198, 1, 'ypoNcC9jPLS5NkGiWf8F', 0, 0),
(1199, 1, 'C1mrEAVkosVwHyYMTn9h', 0, 0),
(1200, 1, 'OT3MPyLtMkT5ZIxQkEhs', 0, 0),
(1201, 1, '7Cc9dAVDX0w8bSAmfEex', 0, 0),
(1202, 1, 'Zi2oKh58nz0tdERE6tfm', 0, 0),
(1203, 1, 'owgQVKvO1C4tz8xySJ1h', 0, 0),
(1204, 1, 'Nn6mGzS1nfWYcTnr2uN8', 0, 0),
(1205, 1, 'bthhwQqBn2kjB3A8xmhg', 0, 0),
(1206, 1, '1T1so9SUw6tlIcSYRqHw', 0, 0),
(1207, 1, 'ge1dMCrLK13o2qsOXhKf', 0, 0),
(1208, 1, 'nAvqDNQxySkkvj40k2Fh', 0, 0),
(1209, 1, 'lydoqOh3UiZtCXVnUhbY', 0, 0),
(1210, 1, 'DdlZ8fvEflhFkYJgc5u9', 0, 0),
(1211, 1, 'dbCyecIczDTh6qJx84jb', 0, 0),
(1212, 1, 'ywfWFgD1le38UWBwdjST', 0, 0),
(1213, 1, 'BRYtVvuXwLuAezB5oqUD', 0, 0),
(1214, 1, 'CW7teL5iL91M9HCiTw7F', 0, 0),
(1215, 1, 'WadgLM8UkUBW7GPd6Gx4', 0, 0),
(1216, 1, 'JZXmZdNqkrg6Jh6JFNva', 0, 0),
(1217, 1, 'z30fuKB9DoktGiEiSjwd', 0, 0),
(1218, 1, 'VMql3zkfYZH1UUvizFd7', 0, 0),
(1219, 1, 'c5N6txImERWsrnXu3XI4', 0, 0),
(1220, 1, 'cWHh79RHwWGsDa779aEM', 0, 0),
(1221, 1, 'jMf3Pmn1VJZgjfATdL6v', 0, 0),
(1222, 1, 'nLpxmugaGTyqUJCL8chb', 0, 0),
(1223, 1, 'Y2V7urmxi9WWumwhEOq1', 0, 0),
(1224, 1, 'TIv8NM75re5RrNLTTH0c', 0, 0),
(1225, 1, 'nD8cZP0Tk0XKuoQI3HZh', 0, 0),
(1226, 1, '78gpirZzFO1IPZHkRaRo', 0, 0),
(1227, 1, 'usXQwEDQsICGZZntljTN', 0, 0),
(1229, 1, 'io4qlEgfwacLqEdq8m9d', 0, 0),
(1230, 1, 'hYnAUJHwEkuuz1AsivkT', 0, 0),
(1231, 1, 'T0yKYeCwBpmapg79t0Ks', 0, 0),
(1232, 1, 'nlAwewtlCfLoDIiCSGpv', 0, 0),
(1233, 1, 'rlW0VrfBpabfuf3rfTK7', 0, 0),
(1234, 1, 'jQAMLjpma0zlFaTIOuKV', 0, 0),
(1235, 1, 'IbYWX0UeE9oLokM2fMTY', 0, 0),
(1241, 1, 'A2sG0U6OnPsRPGfsVBHP', 0, 0);

-- --------------------------------------------------------

--
-- Estructura de tabla para la tabla `votos`
--

CREATE TABLE `votos` (
  `id_voto` int(11) NOT NULL,
  `id_lista` int(11) NOT NULL,
  `idEleccion` int(10) UNSIGNED NOT NULL,
  `idQR` int(11) NOT NULL
) ENGINE=InnoDB DEFAULT CHARSET=latin1;

--
-- Volcado de datos para la tabla `votos`
--

INSERT INTO `votos` (`id_voto`, `id_lista`, `idEleccion`, `idQR`) VALUES
(3, 1, 1, 0),
(4, 1, 1, 0),
(5, 2, 1, 0),
(6, 1, 1, 1241),
(7, 1, 1, 1241),
(8, 2, 1, 650),
(9, 1, 1, 650),
(10, 2, 1, 650),
(11, 1, 1, 643),
(12, 2, 1, 643),
(13, 1, 1, 643),
(14, 1, 1, 644),
(15, 1, 1, 644),
(16, 6, 4, 644),
(17, 6, 4, 644),
(18, 6, 4, 644),
(19, 7, 4, 644),
(20, 7, 4, 644);

--
-- Índices para tablas volcadas
--

--
-- Indices de la tabla `alumnos`
--
ALTER TABLE `alumnos`
  ADD PRIMARY KEY (`id_alumno`);

--
-- Indices de la tabla `eleccion`
--
ALTER TABLE `eleccion`
  ADD PRIMARY KEY (`idEleccion`);

--
-- Indices de la tabla `listas`
--
ALTER TABLE `listas`
  ADD PRIMARY KEY (`id_lista`),
  ADD KEY `idEleccion` (`idEleccion`);

--
-- Indices de la tabla `padron`
--
ALTER TABLE `padron`
  ADD PRIMARY KEY (`idPadron`);

--
-- Indices de la tabla `qr`
--
ALTER TABLE `qr`
  ADD PRIMARY KEY (`idQR`),
  ADD KEY `idEleccion` (`idEleccion`);

--
-- Indices de la tabla `votos`
--
ALTER TABLE `votos`
  ADD PRIMARY KEY (`id_voto`),
  ADD KEY `id_lista` (`id_lista`),
  ADD KEY `votos_ibfk_2` (`idEleccion`);

--
-- AUTO_INCREMENT de las tablas volcadas
--

--
-- AUTO_INCREMENT de la tabla `alumnos`
--
ALTER TABLE `alumnos`
  MODIFY `id_alumno` int(11) NOT NULL AUTO_INCREMENT, AUTO_INCREMENT=581;
--
-- AUTO_INCREMENT de la tabla `eleccion`
--
ALTER TABLE `eleccion`
  MODIFY `idEleccion` int(10) UNSIGNED NOT NULL AUTO_INCREMENT, AUTO_INCREMENT=5;
--
-- AUTO_INCREMENT de la tabla `listas`
--
ALTER TABLE `listas`
  MODIFY `id_lista` int(11) NOT NULL AUTO_INCREMENT, AUTO_INCREMENT=9;
--
-- AUTO_INCREMENT de la tabla `padron`
--
ALTER TABLE `padron`
  MODIFY `idPadron` int(10) NOT NULL AUTO_INCREMENT;
--
-- AUTO_INCREMENT de la tabla `qr`
--
ALTER TABLE `qr`
  MODIFY `idQR` int(11) NOT NULL AUTO_INCREMENT, AUTO_INCREMENT=1242;
--
-- AUTO_INCREMENT de la tabla `votos`
--
ALTER TABLE `votos`
  MODIFY `id_voto` int(11) NOT NULL AUTO_INCREMENT, AUTO_INCREMENT=21;
--
-- Restricciones para tablas volcadas
--

--
-- Filtros para la tabla `listas`
--
ALTER TABLE `listas`
  ADD CONSTRAINT `listas_ibfk_1` FOREIGN KEY (`idEleccion`) REFERENCES `eleccion` (`idEleccion`) ON DELETE CASCADE;

--
-- Filtros para la tabla `qr`
--
ALTER TABLE `qr`
  ADD CONSTRAINT `qr_ibfk_1` FOREIGN KEY (`idEleccion`) REFERENCES `eleccion` (`idEleccion`) ON DELETE CASCADE;

--
-- Filtros para la tabla `votos`
--
ALTER TABLE `votos`
  ADD CONSTRAINT `votos_ibfk_1` FOREIGN KEY (`id_lista`) REFERENCES `listas` (`id_lista`) ON DELETE CASCADE,
  ADD CONSTRAINT `votos_ibfk_2` FOREIGN KEY (`idEleccion`) REFERENCES `eleccion` (`idEleccion`) ON DELETE CASCADE;

/*!40101 SET CHARACTER_SET_CLIENT=@OLD_CHARACTER_SET_CLIENT */;
/*!40101 SET CHARACTER_SET_RESULTS=@OLD_CHARACTER_SET_RESULTS */;
/*!40101 SET COLLATION_CONNECTION=@OLD_COLLATION_CONNECTION */;
